kind,val_spr,val_roc_auc,val_auprc,val_logloss,params
linearsvc_cal,0.5849056603773585,0.6341875528020277,0.613365023884445,0.6783264866865638,"{""vec"": {""max_df"": 0.9, ""min_df"": 1, ""ngram_range"": [1, 3], ""norm"": ""l2"", ""sublinear_tf"": true}, ""model"": {""C"": 2.0, ""class_weight"": null}, ""kind"": ""linearsvc_cal""}"
linearsvc_cal,0.5849056603773585,0.6341875528020277,0.613365023884445,0.6783416791716259,"{""vec"": {""max_df"": 0.9, ""min_df"": 1, ""ngram_range"": [1, 3], ""norm"": ""l2"", ""sublinear_tf"": true}, ""model"": {""C"": 2.0, ""class_weight"": ""balanced""}, ""kind"": ""linearsvc_cal""}"
linearsvc_cal,0.5849056603773585,0.6341875528020277,0.613365023884445,0.6783264866865638,"{""vec"": {""max_df"": 1.0, ""min_df"": 1, ""ngram_range"": [1, 3], ""norm"": ""l2"", ""sublinear_tf"": true}, ""model"": {""C"": 2.0, ""class_weight"": null}, ""kind"": ""linearsvc_cal""}"
linearsvc_cal,0.5849056603773585,0.6341875528020277,0.613365023884445,0.6783416791716259,"{""vec"": {""max_df"": 1.0, ""min_df"": 1, ""ngram_range"": [1, 3], ""norm"": ""l2"", ""sublinear_tf"": true}, ""model"": {""C"": 2.0, ""class_weight"": ""balanced""}, ""kind"": ""linearsvc_cal""}"
linearsvc_cal,0.5849056603773585,0.6324978879188962,0.6273405984990387,0.6814615464450963,"{""vec"": {""max_df"": 0.9, ""min_df"": 1, ""ngram_range"": [1, 1], ""norm"": ""l2"", ""sublinear_tf"": true}, ""model"": {""C"": 0.25, ""class_weight"": null}, ""kind"": ""linearsvc_cal""}"
linearsvc_cal,0.5849056603773585,0.6324978879188962,0.6273405984990387,0.6814615464450963,"{""vec"": {""max_df"": 1.0, ""min_df"": 1, ""ngram_range"": [1, 1], ""norm"": ""l2"", ""sublinear_tf"": true}, ""model"": {""C"": 0.25, ""class_weight"": null}, ""kind"": ""linearsvc_cal""}"
linearsvc_cal,0.5849056603773585,0.6319346662911857,0.625999418162422,0.6815076196166373,"{""vec"": {""max_df"": 0.9, ""min_df"": 1, ""ngram_range"": [1, 1], ""norm"": ""l2"", ""sublinear_tf"": true}, ""model"": {""C"": 0.25, ""class_weight"": ""balanced""}, ""kind"": ""linearsvc_cal""}"
linearsvc_cal,0.5849056603773585,0.6319346662911857,0.625999418162422,0.6815076196166373,"{""vec"": {""max_df"": 1.0, ""min_df"": 1, ""ngram_range"": [1, 1], ""norm"": ""l2"", ""sublinear_tf"": true}, ""model"": {""C"": 0.25, ""class_weight"": ""balanced""}, ""kind"": ""linearsvc_cal""}"
linearsvc_cal,0.5660377358490566,0.635595606871304,0.6220614930804591,0.6798731291813387,"{""vec"": {""max_df"": 0.9, ""min_df"": 1, ""ngram_range"": [1, 2], ""norm"": ""l2"", ""sublinear_tf"": true}, ""model"": {""C"": 1.0, ""class_weight"": ""balanced""}, ""kind"": ""linearsvc_cal""}"
linearsvc_cal,0.5660377358490566,0.635595606871304,0.6220614930804591,0.6798731291813387,"{""vec"": {""max_df"": 1.0, ""min_df"": 1, ""ngram_range"": [1, 2], ""norm"": ""l2"", ""sublinear_tf"": true}, ""model"": {""C"": 1.0, ""class_weight"": ""balanced""}, ""kind"": ""linearsvc_cal""}"
linearsvc_cal,0.5660377358490566,0.6355956068713039,0.6220701549090514,0.6798445065800285,"{""vec"": {""max_df"": 0.9, ""min_df"": 1, ""ngram_range"": [1, 2], ""norm"": ""l2"", ""sublinear_tf"": true}, ""model"": {""C"": 1.0, ""class_weight"": null}, ""kind"": ""linearsvc_cal""}"
linearsvc_cal,0.5660377358490566,0.6355956068713039,0.6220701549090514,0.6798445065800285,"{""vec"": {""max_df"": 1.0, ""min_df"": 1, ""ngram_range"": [1, 2], ""norm"": ""l2"", ""sublinear_tf"": true}, ""model"": {""C"": 1.0, ""class_weight"": null}, ""kind"": ""linearsvc_cal""}"
linearsvc_cal,0.5660377358490566,0.6350323852435933,0.6150045726998523,0.679740215679357,"{""vec"": {""max_df"": 0.9, ""min_df"": 1, ""ngram_range"": [1, 2], ""norm"": ""l2"", ""sublinear_tf"": true}, ""model"": {""C"": 2.0, ""class_weight"": null}, ""kind"": ""linearsvc_cal""}"
linearsvc_cal,0.5660377358490566,0.6350323852435933,0.6149289361893109,0.6797602536295876,"{""vec"": {""max_df"": 0.9, ""min_df"": 1, ""ngram_range"": [1, 2], ""norm"": ""l2"", ""sublinear_tf"": true}, ""model"": {""C"": 2.0, ""class_weight"": ""balanced""}, ""kind"": ""linearsvc_cal""}"
linearsvc_cal,0.5660377358490566,0.6350323852435933,0.6150045726998523,0.679740215679357,"{""vec"": {""max_df"": 1.0, ""min_df"": 1, ""ngram_range"": [1, 2], ""norm"": ""l2"", ""sublinear_tf"": true}, ""model"": {""C"": 2.0, ""class_weight"": null}, ""kind"": ""linearsvc_cal""}"
linearsvc_cal,0.5660377358490566,0.6350323852435933,0.6149289361893109,0.6797602536295876,"{""vec"": {""max_df"": 1.0, ""min_df"": 1, ""ngram_range"": [1, 2], ""norm"": ""l2"", ""sublinear_tf"": true}, ""model"": {""C"": 2.0, ""class_weight"": ""balanced""}, ""kind"": ""linearsvc_cal""}"
linearsvc_cal,0.5660377358490566,0.6330611095466067,0.6151352652355249,0.6800329149793992,"{""vec"": {""max_df"": 0.9, ""min_df"": 1, ""ngram_range"": [1, 2], ""norm"": ""l2"", ""sublinear_tf"": true}, ""model"": {""C"": 0.5, ""class_weight"": null}, ""kind"": ""linearsvc_cal""}"
linearsvc_cal,0.5660377358490566,0.6330611095466067,0.6151352652355249,0.6800329149793992,"{""vec"": {""max_df"": 1.0, ""min_df"": 1, ""ngram_range"": [1, 2], ""norm"": ""l2"", ""sublinear_tf"": true}, ""model"": {""C"": 0.5, ""class_weight"": null}, ""kind"": ""linearsvc_cal""}"
linearsvc_cal,0.5660377358490566,0.6291185581526331,0.6086482396733297,0.6811500055572004,"{""vec"": {""max_df"": 0.9, ""min_df"": 1, ""ngram_range"": [1, 1], ""norm"": ""l2"", ""sublinear_tf"": true}, ""model"": {""C"": 0.5, ""class_weight"": ""balanced""}, ""kind"": ""linearsvc_cal""}"
linearsvc_cal,0.5660377358490566,0.6291185581526331,0.6086482396733297,0.6811500055572004,"{""vec"": {""max_df"": 1.0, ""min_df"": 1, ""ngram_range"": [1, 1], ""norm"": ""l2"", ""sublinear_tf"": true}, ""model"": {""C"": 0.5, ""class_weight"": ""balanced""}, ""kind"": ""linearsvc_cal""}"
linearsvc_cal,0.5660377358490566,0.6288369473387779,0.6096650342698844,0.681100511577218,"{""vec"": {""max_df"": 0.9, ""min_df"": 1, ""ngram_range"": [1, 1], ""norm"": ""l2"", ""sublinear_tf"": true}, ""model"": {""C"": 0.5, ""class_weight"": null}, ""kind"": ""linearsvc_cal""}"
linearsvc_cal,0.5660377358490566,0.6288369473387779,0.6096650342698844,0.681100511577218,"{""vec"": {""max_df"": 1.0, ""min_df"": 1, ""ngram_range"": [1, 1], ""norm"": ""l2"", ""sublinear_tf"": true}, ""model"": {""C"": 0.5, ""class_weight"": null}, ""kind"": ""linearsvc_cal""}"
linearsvc_cal,0.5471698113207547,0.6339059419881724,0.6157255862077827,0.6800662688118388,"{""vec"": {""max_df"": 0.9, ""min_df"": 1, ""ngram_range"": [1, 2], ""norm"": ""l2"", ""sublinear_tf"": true}, ""model"": {""C"": 0.5, ""class_weight"": ""balanced""}, ""kind"": ""linearsvc_cal""}"
linearsvc_cal,0.5471698113207547,0.6339059419881724,0.6157255862077827,0.6800662688118388,"{""vec"": {""max_df"": 1.0, ""min_df"": 1, ""ngram_range"": [1, 2], ""norm"": ""l2"", ""sublinear_tf"": true}, ""model"": {""C"": 0.5, ""class_weight"": ""balanced""}, ""kind"": ""linearsvc_cal""}"
linearsvc_cal,0.5471698113207547,0.6339059419881723,0.6017529962682486,0.6803258355916032,"{""vec"": {""max_df"": 0.9, ""min_df"": 1, ""ngram_range"": [1, 2], ""norm"": ""l2"", ""sublinear_tf"": true}, ""model"": {""C"": 0.25, ""class_weight"": ""balanced""}, ""kind"": ""linearsvc_cal""}"
linearsvc_cal,0.5471698113207547,0.6339059419881723,0.6017529962682486,0.6803258355916032,"{""vec"": {""max_df"": 1.0, ""min_df"": 1, ""ngram_range"": [1, 2], ""norm"": ""l2"", ""sublinear_tf"": true}, ""model"": {""C"": 0.25, ""class_weight"": ""balanced""}, ""kind"": ""linearsvc_cal""}"
linearsvc_cal,0.5471698113207547,0.6333427203604618,0.6016404823656993,0.6802953961732902,"{""vec"": {""max_df"": 0.9, ""min_df"": 1, ""ngram_range"": [1, 2], ""norm"": ""l2"", ""sublinear_tf"": true}, ""model"": {""C"": 0.25, ""class_weight"": null}, ""kind"": ""linearsvc_cal""}"
linearsvc_cal,0.5471698113207547,0.6333427203604618,0.6016404823656993,0.6802953961732902,"{""vec"": {""max_df"": 1.0, ""min_df"": 1, ""ngram_range"": [1, 2], ""norm"": ""l2"", ""sublinear_tf"": true}, ""model"": {""C"": 0.25, ""class_weight"": null}, ""kind"": ""linearsvc_cal""}"
linearsvc_cal,0.5471698113207547,0.6310898338496199,0.5978914668687844,0.6786623516769882,"{""vec"": {""max_df"": 0.9, ""min_df"": 1, ""ngram_range"": [1, 3], ""norm"": ""l2"", ""sublinear_tf"": true}, ""model"": {""C"": 0.5, ""class_weight"": ""balanced""}, ""kind"": ""linearsvc_cal""}"
linearsvc_cal,0.5471698113207547,0.6310898338496199,0.5978914668687844,0.6786623516769882,"{""vec"": {""max_df"": 1.0, ""min_df"": 1, ""ngram_range"": [1, 3], ""norm"": ""l2"", ""sublinear_tf"": true}, ""model"": {""C"": 0.5, ""class_weight"": ""balanced""}, ""kind"": ""linearsvc_cal""}"
linearsvc_cal,0.5471698113207547,0.6308082230357647,0.5978001640570547,0.6786367360523493,"{""vec"": {""max_df"": 0.9, ""min_df"": 1, ""ngram_range"": [1, 3], ""norm"": ""l2"", ""sublinear_tf"": true}, ""model"": {""C"": 0.5, ""class_weight"": null}, ""kind"": ""linearsvc_cal""}"
linearsvc_cal,0.5471698113207547,0.6308082230357647,0.5978001640570547,0.6786367360523493,"{""vec"": {""max_df"": 1.0, ""min_df"": 1, ""ngram_range"": [1, 3], ""norm"": ""l2"", ""sublinear_tf"": true}, ""model"": {""C"": 0.5, ""class_weight"": null}, ""kind"": ""linearsvc_cal""}"
linearsvc_cal,0.5471698113207547,0.6302450014080542,0.5953310692187594,0.6784673507943803,"{""vec"": {""max_df"": 0.9, ""min_df"": 1, ""ngram_range"": [1, 3], ""norm"": ""l2"", ""sublinear_tf"": true}, ""model"": {""C"": 1.0, ""class_weight"": ""balanced""}, ""kind"": ""linearsvc_cal""}"
linearsvc_cal,0.5471698113207547,0.6302450014080542,0.5953310692187594,0.6784673507943803,"{""vec"": {""max_df"": 1.0, ""min_df"": 1, ""ngram_range"": [1, 3], ""norm"": ""l2"", ""sublinear_tf"": true}, ""model"": {""C"": 1.0, ""class_weight"": ""balanced""}, ""kind"": ""linearsvc_cal""}"
linearsvc_cal,0.5471698113207547,0.6294001689664883,0.5949907664645666,0.678445560251897,"{""vec"": {""max_df"": 0.9, ""min_df"": 1, ""ngram_range"": [1, 3], ""norm"": ""l2"", ""sublinear_tf"": true}, ""model"": {""C"": 1.0, ""class_weight"": null}, ""kind"": ""linearsvc_cal""}"
linearsvc_cal,0.5471698113207547,0.6294001689664883,0.5949907664645666,0.678445560251897,"{""vec"": {""max_df"": 1.0, ""min_df"": 1, ""ngram_range"": [1, 3], ""norm"": ""l2"", ""sublinear_tf"": true}, ""model"": {""C"": 1.0, ""class_weight"": null}, ""kind"": ""linearsvc_cal""}"
linearsvc_cal,0.5471698113207547,0.6279921148972121,0.5941802654131372,0.6788809892399095,"{""vec"": {""max_df"": 0.9, ""min_df"": 1, ""ngram_range"": [1, 3], ""norm"": ""l2"", ""sublinear_tf"": true}, ""model"": {""C"": 0.25, ""class_weight"": null}, ""kind"": ""linearsvc_cal""}"
linearsvc_cal,0.5471698113207547,0.6279921148972121,0.5941802654131372,0.6788809892399095,"{""vec"": {""max_df"": 1.0, ""min_df"": 1, ""ngram_range"": [1, 3], ""norm"": ""l2"", ""sublinear_tf"": true}, ""model"": {""C"": 0.25, ""class_weight"": null}, ""kind"": ""linearsvc_cal""}"
linearsvc_cal,0.5471698113207547,0.6277105040833568,0.5940852998813086,0.6789049611658576,"{""vec"": {""max_df"": 0.9, ""min_df"": 1, ""ngram_range"": [1, 3], ""norm"": ""l2"", ""sublinear_tf"": true}, ""model"": {""C"": 0.25, ""class_weight"": ""balanced""}, ""kind"": ""linearsvc_cal""}"
linearsvc_cal,0.5471698113207547,0.6277105040833568,0.5940852998813086,0.6789049611658576,"{""vec"": {""max_df"": 1.0, ""min_df"": 1, ""ngram_range"": [1, 3], ""norm"": ""l2"", ""sublinear_tf"": true}, ""model"": {""C"": 0.25, ""class_weight"": ""balanced""}, ""kind"": ""linearsvc_cal""}"
linearsvc_cal,0.5471698113207547,0.6167276823430019,0.601669510709107,0.6810925504171633,"{""vec"": {""max_df"": 0.9, ""min_df"": 1, ""ngram_range"": [1, 1], ""norm"": ""l2"", ""sublinear_tf"": true}, ""model"": {""C"": 1.0, ""class_weight"": ""balanced""}, ""kind"": ""linearsvc_cal""}"
linearsvc_cal,0.5471698113207547,0.6167276823430019,0.601669510709107,0.6810925504171633,"{""vec"": {""max_df"": 1.0, ""min_df"": 1, ""ngram_range"": [1, 1], ""norm"": ""l2"", ""sublinear_tf"": true}, ""model"": {""C"": 1.0, ""class_weight"": ""balanced""}, ""kind"": ""linearsvc_cal""}"
linearsvc_cal,0.5471698113207547,0.6164460715291468,0.6014355086283293,0.6810478828750264,"{""vec"": {""max_df"": 0.9, ""min_df"": 1, ""ngram_range"": [1, 1], ""norm"": ""l2"", ""sublinear_tf"": true}, ""model"": {""C"": 1.0, ""class_weight"": null}, ""kind"": ""linearsvc_cal""}"
linearsvc_cal,0.5471698113207547,0.6164460715291468,0.6014355086283293,0.6810478828750264,"{""vec"": {""max_df"": 1.0, ""min_df"": 1, ""ngram_range"": [1, 1], ""norm"": ""l2"", ""sublinear_tf"": true}, ""model"": {""C"": 1.0, ""class_weight"": null}, ""kind"": ""linearsvc_cal""}"
linearsvc_cal,0.5471698113207547,0.6088425795550549,0.5973771154030529,0.6812785907698407,"{""vec"": {""max_df"": 0.9, ""min_df"": 1, ""ngram_range"": [1, 1], ""norm"": ""l2"", ""sublinear_tf"": true}, ""model"": {""C"": 2.0, ""class_weight"": ""balanced""}, ""kind"": ""linearsvc_cal""}"
linearsvc_cal,0.5471698113207547,0.6088425795550549,0.5973771154030529,0.6812785907698407,"{""vec"": {""max_df"": 1.0, ""min_df"": 1, ""ngram_range"": [1, 1], ""norm"": ""l2"", ""sublinear_tf"": true}, ""model"": {""C"": 2.0, ""class_weight"": ""balanced""}, ""kind"": ""linearsvc_cal""}"
linearsvc_cal,0.5471698113207547,0.607716136299634,0.5963866167329992,0.6812452548079442,"{""vec"": {""max_df"": 0.9, ""min_df"": 1, ""ngram_range"": [1, 1], ""norm"": ""l2"", ""sublinear_tf"": true}, ""model"": {""C"": 2.0, ""class_weight"": null}, ""kind"": ""linearsvc_cal""}"
linearsvc_cal,0.5471698113207547,0.607716136299634,0.5963866167329992,0.6812452548079442,"{""vec"": {""max_df"": 1.0, ""min_df"": 1, ""ngram_range"": [1, 1], ""norm"": ""l2"", ""sublinear_tf"": true}, ""model"": {""C"": 2.0, ""class_weight"": null}, ""kind"": ""linearsvc_cal""}"
linearsvc_cal,0.5471698113207547,0.5880033793297663,0.5491962305287081,0.6849378484857002,"{""vec"": {""max_df"": 0.9, ""min_df"": 2, ""ngram_range"": [1, 1], ""norm"": ""l2"", ""sublinear_tf"": true}, ""model"": {""C"": 0.5, ""class_weight"": null}, ""kind"": ""linearsvc_cal""}"
linearsvc_cal,0.5471698113207547,0.5880033793297663,0.5491962305287081,0.6849378484857002,"{""vec"": {""max_df"": 1.0, ""min_df"": 2, ""ngram_range"": [1, 1], ""norm"": ""l2"", ""sublinear_tf"": true}, ""model"": {""C"": 0.5, ""class_weight"": null}, ""kind"": ""linearsvc_cal""}"
linearsvc_cal,0.5471698113207547,0.5849056603773585,0.5443050467072695,0.6850175931826975,"{""vec"": {""max_df"": 0.9, ""min_df"": 2, ""ngram_range"": [1, 1], ""norm"": ""l2"", ""sublinear_tf"": true}, ""model"": {""C"": 0.5, ""class_weight"": ""balanced""}, ""kind"": ""linearsvc_cal""}"
linearsvc_cal,0.5471698113207547,0.5849056603773585,0.5443050467072695,0.6850175931826975,"{""vec"": {""max_df"": 1.0, ""min_df"": 2, ""ngram_range"": [1, 1], ""norm"": ""l2"", ""sublinear_tf"": true}, ""model"": {""C"": 0.5, ""class_weight"": ""balanced""}, ""kind"": ""linearsvc_cal""}"
logreg,0.5471698113207547,0.5815263306110955,0.559978482022989,0.6824351341057074,"{""vec"": {""max_df"": 0.9, ""min_df"": 2, ""ngram_range"": [1, 2], ""norm"": ""l2"", ""sublinear_tf"": true}, ""model"": {""C"": 1.0, ""class_weight"": null}, ""kind"": ""logreg""}"
logreg,0.5471698113207547,0.5815263306110955,0.559978482022989,0.6824351341057074,"{""vec"": {""max_df"": 0.9, ""min_df"": 2, ""ngram_range"": [1, 3], ""norm"": ""l2"", ""sublinear_tf"": true}, ""model"": {""C"": 1.0, ""class_weight"": null}, ""kind"": ""logreg""}"
logreg,0.5471698113207547,0.5815263306110955,0.559978482022989,0.6824351341057074,"{""vec"": {""max_df"": 1.0, ""min_df"": 2, ""ngram_range"": [1, 2], ""norm"": ""l2"", ""sublinear_tf"": true}, ""model"": {""C"": 1.0, ""class_weight"": null}, ""kind"": ""logreg""}"
logreg,0.5471698113207547,0.5815263306110955,0.559978482022989,0.6824351341057074,"{""vec"": {""max_df"": 1.0, ""min_df"": 2, ""ngram_range"": [1, 3], ""norm"": ""l2"", ""sublinear_tf"": true}, ""model"": {""C"": 1.0, ""class_weight"": null}, ""kind"": ""logreg""}"
logreg,0.5471698113207547,0.5803998873556745,0.5593896393713406,0.6861467444975798,"{""vec"": {""max_df"": 0.9, ""min_df"": 2, ""ngram_range"": [1, 2], ""norm"": ""l2"", ""sublinear_tf"": true}, ""model"": {""C"": 1.0, ""class_weight"": ""balanced""}, ""kind"": ""logreg""}"
logreg,0.5471698113207547,0.5803998873556745,0.5593896393713406,0.6861467444975798,"{""vec"": {""max_df"": 0.9, ""min_df"": 2, ""ngram_range"": [1, 3], ""norm"": ""l2"", ""sublinear_tf"": true}, ""model"": {""C"": 1.0, ""class_weight"": ""balanced""}, ""kind"": ""logreg""}"
logreg,0.5471698113207547,0.5803998873556745,0.5593896393713406,0.6861467444975798,"{""vec"": {""max_df"": 1.0, ""min_df"": 2, ""ngram_range"": [1, 2], ""norm"": ""l2"", ""sublinear_tf"": true}, ""model"": {""C"": 1.0, ""class_weight"": ""balanced""}, ""kind"": ""logreg""}"
logreg,0.5471698113207547,0.5803998873556745,0.5593896393713406,0.6861467444975798,"{""vec"": {""max_df"": 1.0, ""min_df"": 2, ""ngram_range"": [1, 3], ""norm"": ""l2"", ""sublinear_tf"": true}, ""model"": {""C"": 1.0, ""class_weight"": ""balanced""}, ""kind"": ""logreg""}"
linearsvc_cal,0.5471698113207547,0.5767389467755563,0.5305274431081816,0.6854108155057957,"{""vec"": {""max_df"": 0.9, ""min_df"": 2, ""ngram_range"": [1, 2], ""norm"": ""l2"", ""sublinear_tf"": true}, ""model"": {""C"": 0.5, ""class_weight"": ""balanced""}, ""kind"": ""linearsvc_cal""}"
linearsvc_cal,0.5471698113207547,0.5767389467755563,0.5305274431081816,0.6854108155057957,"{""vec"": {""max_df"": 0.9, ""min_df"": 2, ""ngram_range"": [1, 3], ""norm"": ""l2"", ""sublinear_tf"": true}, ""model"": {""C"": 0.5, ""class_weight"": ""balanced""}, ""kind"": ""linearsvc_cal""}"
linearsvc_cal,0.5471698113207547,0.5767389467755563,0.5305274431081816,0.6854108155057957,"{""vec"": {""max_df"": 1.0, ""min_df"": 2, ""ngram_range"": [1, 2], ""norm"": ""l2"", ""sublinear_tf"": true}, ""model"": {""C"": 0.5, ""class_weight"": ""balanced""}, ""kind"": ""linearsvc_cal""}"
linearsvc_cal,0.5471698113207547,0.5767389467755563,0.5305274431081816,0.6854108155057957,"{""vec"": {""max_df"": 1.0, ""min_df"": 2, ""ngram_range"": [1, 3], ""norm"": ""l2"", ""sublinear_tf"": true}, ""model"": {""C"": 0.5, ""class_weight"": ""balanced""}, ""kind"": ""linearsvc_cal""}"
linearsvc_cal,0.5283018867924528,0.6032103632779499,0.5767856335270692,0.684080711856124,"{""vec"": {""max_df"": 0.9, ""min_df"": 2, ""ngram_range"": [1, 1], ""norm"": ""l2"", ""sublinear_tf"": true}, ""model"": {""C"": 1.0, ""class_weight"": null}, ""kind"": ""linearsvc_cal""}"
linearsvc_cal,0.5283018867924528,0.6032103632779499,0.5767856335270692,0.684080711856124,"{""vec"": {""max_df"": 1.0, ""min_df"": 2, ""ngram_range"": [1, 1], ""norm"": ""l2"", ""sublinear_tf"": true}, ""model"": {""C"": 1.0, ""class_weight"": null}, ""kind"": ""linearsvc_cal""}"
linearsvc_cal,0.5283018867924528,0.6006758659532526,0.5784626295685857,0.6846876946990169,"{""vec"": {""max_df"": 0.9, ""min_df"": 2, ""ngram_range"": [1, 2], ""norm"": ""l2"", ""sublinear_tf"": true}, ""model"": {""C"": 2.0, ""class_weight"": ""balanced""}, ""kind"": ""linearsvc_cal""}"
linearsvc_cal,0.5283018867924528,0.6006758659532526,0.5784626295685857,0.6846876946990169,"{""vec"": {""max_df"": 0.9, ""min_df"": 2, ""ngram_range"": [1, 3], ""norm"": ""l2"", ""sublinear_tf"": true}, ""model"": {""C"": 2.0, ""class_weight"": ""balanced""}, ""kind"": ""linearsvc_cal""}"
linearsvc_cal,0.5283018867924528,0.6006758659532526,0.5784626295685857,0.6846876946990169,"{""vec"": {""max_df"": 1.0, ""min_df"": 2, ""ngram_range"": [1, 2], ""norm"": ""l2"", ""sublinear_tf"": true}, ""model"": {""C"": 2.0, ""class_weight"": ""balanced""}, ""kind"": ""linearsvc_cal""}"
linearsvc_cal,0.5283018867924528,0.6006758659532526,0.5784626295685857,0.6846876946990169,"{""vec"": {""max_df"": 1.0, ""min_df"": 2, ""ngram_range"": [1, 3], ""norm"": ""l2"", ""sublinear_tf"": true}, ""model"": {""C"": 2.0, ""class_weight"": ""balanced""}, ""kind"": ""linearsvc_cal""}"
linearsvc_cal,0.5283018867924528,0.5967333145592791,0.57072927629965,0.6843567026199506,"{""vec"": {""max_df"": 0.9, ""min_df"": 2, ""ngram_range"": [1, 1], ""norm"": ""l2"", ""sublinear_tf"": true}, ""model"": {""C"": 2.0, ""class_weight"": ""balanced""}, ""kind"": ""linearsvc_cal""}"
linearsvc_cal,0.5283018867924528,0.5967333145592791,0.57072927629965,0.6843567026199506,"{""vec"": {""max_df"": 1.0, ""min_df"": 2, ""ngram_range"": [1, 1], ""norm"": ""l2"", ""sublinear_tf"": true}, ""model"": {""C"": 2.0, ""class_weight"": ""balanced""}, ""kind"": ""linearsvc_cal""}"
linearsvc_cal,0.5283018867924528,0.595606871303858,0.5744467109391329,0.6843535959546081,"{""vec"": {""max_df"": 0.9, ""min_df"": 2, ""ngram_range"": [1, 1], ""norm"": ""l2"", ""sublinear_tf"": true}, ""model"": {""C"": 2.0, ""class_weight"": null}, ""kind"": ""linearsvc_cal""}"
linearsvc_cal,0.5283018867924528,0.595606871303858,0.5744467109391329,0.6843535959546081,"{""vec"": {""max_df"": 1.0, ""min_df"": 2, ""ngram_range"": [1, 1], ""norm"": ""l2"", ""sublinear_tf"": true}, ""model"": {""C"": 2.0, ""class_weight"": null}, ""kind"": ""linearsvc_cal""}"
logreg,0.5283018867924528,0.5877217685159111,0.5624207715662005,0.6841548048208905,"{""vec"": {""max_df"": 0.9, ""min_df"": 2, ""ngram_range"": [1, 2], ""norm"": ""l2"", ""sublinear_tf"": true}, ""model"": {""C"": 0.5, ""class_weight"": ""balanced""}, ""kind"": ""logreg""}"
logreg,0.5283018867924528,0.5877217685159111,0.5624207715662005,0.6841548048208905,"{""vec"": {""max_df"": 0.9, ""min_df"": 2, ""ngram_range"": [1, 3], ""norm"": ""l2"", ""sublinear_tf"": true}, ""model"": {""C"": 0.5, ""class_weight"": ""balanced""}, ""kind"": ""logreg""}"
logreg,0.5283018867924528,0.5877217685159111,0.5624207715662005,0.6841548048208905,"{""vec"": {""max_df"": 1.0, ""min_df"": 2, ""ngram_range"": [1, 2], ""norm"": ""l2"", ""sublinear_tf"": true}, ""model"": {""C"": 0.5, ""class_weight"": ""balanced""}, ""kind"": ""logreg""}"
logreg,0.5283018867924528,0.5877217685159111,0.5624207715662005,0.6841548048208905,"{""vec"": {""max_df"": 1.0, ""min_df"": 2, ""ngram_range"": [1, 3], ""norm"": ""l2"", ""sublinear_tf"": true}, ""model"": {""C"": 0.5, ""class_weight"": ""balanced""}, ""kind"": ""logreg""}"
logreg,0.5283018867924528,0.5863137144466348,0.56123034928645,0.6804604833926816,"{""vec"": {""max_df"": 0.9, ""min_df"": 2, ""ngram_range"": [1, 2], ""norm"": ""l2"", ""sublinear_tf"": true}, ""model"": {""C"": 0.5, ""class_weight"": null}, ""kind"": ""logreg""}"
logreg,0.5283018867924528,0.5863137144466348,0.56123034928645,0.6804604833926816,"{""vec"": {""max_df"": 0.9, ""min_df"": 2, ""ngram_range"": [1, 3], ""norm"": ""l2"", ""sublinear_tf"": true}, ""model"": {""C"": 0.5, ""class_weight"": null}, ""kind"": ""logreg""}"
logreg,0.5283018867924528,0.5863137144466348,0.56123034928645,0.6804604833926816,"{""vec"": {""max_df"": 1.0, ""min_df"": 2, ""ngram_range"": [1, 2], ""norm"": ""l2"", ""sublinear_tf"": true}, ""model"": {""C"": 0.5, ""class_weight"": null}, ""kind"": ""logreg""}"
logreg,0.5283018867924528,0.5863137144466348,0.56123034928645,0.6804604833926816,"{""vec"": {""max_df"": 1.0, ""min_df"": 2, ""ngram_range"": [1, 3], ""norm"": ""l2"", ""sublinear_tf"": true}, ""model"": {""C"": 0.5, ""class_weight"": null}, ""kind"": ""logreg""}"
logreg,0.5283018867924528,0.5857504928189243,0.5570031820606884,0.6859679487595921,"{""vec"": {""max_df"": 0.9, ""min_df"": 2, ""ngram_range"": [1, 2], ""norm"": ""l2"", ""sublinear_tf"": true}, ""model"": {""C"": 0.25, ""class_weight"": ""balanced""}, ""kind"": ""logreg""}"
logreg,0.5283018867924528,0.5857504928189243,0.5570031820606884,0.6859679487595921,"{""vec"": {""max_df"": 0.9, ""min_df"": 2, ""ngram_range"": [1, 3], ""norm"": ""l2"", ""sublinear_tf"": true}, ""model"": {""C"": 0.25, ""class_weight"": ""balanced""}, ""kind"": ""logreg""}"
logreg,0.5283018867924528,0.5857504928189243,0.5570031820606884,0.6859679487595921,"{""vec"": {""max_df"": 1.0, ""min_df"": 2, ""ngram_range"": [1, 2], ""norm"": ""l2"", ""sublinear_tf"": true}, ""model"": {""C"": 0.25, ""class_weight"": ""balanced""}, ""kind"": ""logreg""}"
logreg,0.5283018867924528,0.5857504928189243,0.5570031820606884,0.6859679487595921,"{""vec"": {""max_df"": 1.0, ""min_df"": 2, ""ngram_range"": [1, 3], ""norm"": ""l2"", ""sublinear_tf"": true}, ""model"": {""C"": 0.25, ""class_weight"": ""balanced""}, ""kind"": ""logreg""}"
logreg,0.5283018867924528,0.5851872711912137,0.5567952389629164,0.6823090618384775,"{""vec"": {""max_df"": 0.9, ""min_df"": 2, ""ngram_range"": [1, 2], ""norm"": ""l2"", ""sublinear_tf"": true}, ""model"": {""C"": 0.25, ""class_weight"": null}, ""kind"": ""logreg""}"
logreg,0.5283018867924528,0.5851872711912137,0.5567952389629164,0.6823090618384775,"{""vec"": {""max_df"": 0.9, ""min_df"": 2, ""ngram_range"": [1, 3], ""norm"": ""l2"", ""sublinear_tf"": true}, ""model"": {""C"": 0.25, ""class_weight"": null}, ""kind"": ""logreg""}"
logreg,0.5283018867924528,0.5851872711912137,0.5567952389629164,0.6823090618384775,"{""vec"": {""max_df"": 1.0, ""min_df"": 2, ""ngram_range"": [1, 2], ""norm"": ""l2"", ""sublinear_tf"": true}, ""model"": {""C"": 0.25, ""class_weight"": null}, ""kind"": ""logreg""}"
logreg,0.5283018867924528,0.5851872711912137,0.5567952389629164,0.6823090618384775,"{""vec"": {""max_df"": 1.0, ""min_df"": 2, ""ngram_range"": [1, 3], ""norm"": ""l2"", ""sublinear_tf"": true}, ""model"": {""C"": 0.25, ""class_weight"": null}, ""kind"": ""logreg""}"
linearsvc_cal,0.5283018867924528,0.5784286116586878,0.5372618881062906,0.6853283091440611,"{""vec"": {""max_df"": 0.9, ""min_df"": 2, ""ngram_range"": [1, 2], ""norm"": ""l2"", ""sublinear_tf"": true}, ""model"": {""C"": 0.5, ""class_weight"": null}, ""kind"": ""linearsvc_cal""}"
linearsvc_cal,0.5283018867924528,0.5784286116586878,0.5372618881062906,0.6853283091440611,"{""vec"": {""max_df"": 0.9, ""min_df"": 2, ""ngram_range"": [1, 3], ""norm"": ""l2"", ""sublinear_tf"": true}, ""model"": {""C"": 0.5, ""class_weight"": null}, ""kind"": ""linearsvc_cal""}"
linearsvc_cal,0.5283018867924528,0.5784286116586878,0.5372618881062906,0.6853283091440611,"{""vec"": {""max_df"": 1.0, ""min_df"": 2, ""ngram_range"": [1, 2], ""norm"": ""l2"", ""sublinear_tf"": true}, ""model"": {""C"": 0.5, ""class_weight"": null}, ""kind"": ""linearsvc_cal""}"
linearsvc_cal,0.5283018867924528,0.5784286116586878,0.5372618881062906,0.6853283091440611,"{""vec"": {""max_df"": 1.0, ""min_df"": 2, ""ngram_range"": [1, 3], ""norm"": ""l2"", ""sublinear_tf"": true}, ""model"": {""C"": 0.5, ""class_weight"": null}, ""kind"": ""linearsvc_cal""}"
logreg,0.5283018867924528,0.5554773303294847,0.5149984073196227,0.7056477451902359,"{""vec"": {""max_df"": 0.9, ""min_df"": 5, ""ngram_range"": [1, 1], ""norm"": ""l2"", ""sublinear_tf"": true}, ""model"": {""C"": 2.0, ""class_weight"": ""balanced""}, ""kind"": ""logreg""}"
logreg,0.5283018867924528,0.5554773303294847,0.5149984073196227,0.7056477451902359,"{""vec"": {""max_df"": 0.9, ""min_df"": 5, ""ngram_range"": [1, 2], ""norm"": ""l2"", ""sublinear_tf"": true}, ""model"": {""C"": 2.0, ""class_weight"": ""balanced""}, ""kind"": ""logreg""}"
logreg,0.5283018867924528,0.5554773303294847,0.5149984073196227,0.7056477451902359,"{""vec"": {""max_df"": 0.9, ""min_df"": 5, ""ngram_range"": [1, 3], ""norm"": ""l2"", ""sublinear_tf"": true}, ""model"": {""C"": 2.0, ""class_weight"": ""balanced""}, ""kind"": ""logreg""}"
logreg,0.5283018867924528,0.5554773303294847,0.5149984073196227,0.7056477451902359,"{""vec"": {""max_df"": 1.0, ""min_df"": 5, ""ngram_range"": [1, 1], ""norm"": ""l2"", ""sublinear_tf"": true}, ""model"": {""C"": 2.0, ""class_weight"": ""balanced""}, ""kind"": ""logreg""}"
logreg,0.5283018867924528,0.5554773303294847,0.5149984073196227,0.7056477451902359,"{""vec"": {""max_df"": 1.0, ""min_df"": 5, ""ngram_range"": [1, 2], ""norm"": ""l2"", ""sublinear_tf"": true}, ""model"": {""C"": 2.0, ""class_weight"": ""balanced""}, ""kind"": ""logreg""}"
logreg,0.5283018867924528,0.5554773303294847,0.5149984073196227,0.7056477451902359,"{""vec"": {""max_df"": 1.0, ""min_df"": 5, ""ngram_range"": [1, 3], ""norm"": ""l2"", ""sublinear_tf"": true}, ""model"": {""C"": 2.0, ""class_weight"": ""balanced""}, ""kind"": ""logreg""}"
linearsvc_cal,0.5094339622641509,0.6015206983948184,0.5740887323419835,0.6841434743766951,"{""vec"": {""max_df"": 0.9, ""min_df"": 2, ""ngram_range"": [1, 1], ""norm"": ""l2"", ""sublinear_tf"": true}, ""model"": {""C"": 1.0, ""class_weight"": ""balanced""}, ""kind"": ""linearsvc_cal""}"
linearsvc_cal,0.5094339622641509,0.6015206983948184,0.5740887323419835,0.6841434743766951,"{""vec"": {""max_df"": 1.0, ""min_df"": 2, ""ngram_range"": [1, 1], ""norm"": ""l2"", ""sublinear_tf"": true}, ""model"": {""C"": 1.0, ""class_weight"": ""balanced""}, ""kind"": ""linearsvc_cal""}"
linearsvc_cal,0.5094339622641509,0.5995494226978316,0.5781414443308747,0.6846306699749335,"{""vec"": {""max_df"": 0.9, ""min_df"": 2, ""ngram_range"": [1, 2], ""norm"": ""l2"", ""sublinear_tf"": true}, ""model"": {""C"": 2.0, ""class_weight"": null}, ""kind"": ""linearsvc_cal""}"
linearsvc_cal,0.5094339622641509,0.5995494226978316,0.5781414443308747,0.6846306699749335,"{""vec"": {""max_df"": 0.9, ""min_df"": 2, ""ngram_range"": [1, 3], ""norm"": ""l2"", ""sublinear_tf"": true}, ""model"": {""C"": 2.0, ""class_weight"": null}, ""kind"": ""linearsvc_cal""}"
linearsvc_cal,0.5094339622641509,0.5995494226978316,0.5781414443308747,0.6846306699749335,"{""vec"": {""max_df"": 1.0, ""min_df"": 2, ""ngram_range"": [1, 2], ""norm"": ""l2"", ""sublinear_tf"": true}, ""model"": {""C"": 2.0, ""class_weight"": null}, ""kind"": ""linearsvc_cal""}"
linearsvc_cal,0.5094339622641509,0.5995494226978316,0.5781414443308747,0.6846306699749335,"{""vec"": {""max_df"": 1.0, ""min_df"": 2, ""ngram_range"": [1, 3], ""norm"": ""l2"", ""sublinear_tf"": true}, ""model"": {""C"": 2.0, ""class_weight"": null}, ""kind"": ""linearsvc_cal""}"
linearsvc_cal,0.5094339622641509,0.5939172064207267,0.5714763248674154,0.6846363740668368,"{""vec"": {""max_df"": 0.9, ""min_df"": 2, ""ngram_range"": [1, 2], ""norm"": ""l2"", ""sublinear_tf"": true}, ""model"": {""C"": 1.0, ""class_weight"": ""balanced""}, ""kind"": ""linearsvc_cal""}"
linearsvc_cal,0.5094339622641509,0.5939172064207267,0.5714763248674154,0.6846363740668368,"{""vec"": {""max_df"": 0.9, ""min_df"": 2, ""ngram_range"": [1, 3], ""norm"": ""l2"", ""sublinear_tf"": true}, ""model"": {""C"": 1.0, ""class_weight"": ""balanced""}, ""kind"": ""linearsvc_cal""}"
linearsvc_cal,0.5094339622641509,0.5939172064207267,0.5714763248674154,0.6846363740668368,"{""vec"": {""max_df"": 1.0, ""min_df"": 2, ""ngram_range"": [1, 2], ""norm"": ""l2"", ""sublinear_tf"": true}, ""model"": {""C"": 1.0, ""class_weight"": ""balanced""}, ""kind"": ""linearsvc_cal""}"
linearsvc_cal,0.5094339622641509,0.5939172064207267,0.5714763248674154,0.6846363740668368,"{""vec"": {""max_df"": 1.0, ""min_df"": 2, ""ngram_range"": [1, 3], ""norm"": ""l2"", ""sublinear_tf"": true}, ""model"": {""C"": 1.0, ""class_weight"": ""balanced""}, ""kind"": ""linearsvc_cal""}"
linearsvc_cal,0.5094339622641509,0.5919459307237398,0.5733593026375448,0.6845497048151071,"{""vec"": {""max_df"": 0.9, ""min_df"": 2, ""ngram_range"": [1, 2], ""norm"": ""l2"", ""sublinear_tf"": true}, ""model"": {""C"": 1.0, ""class_weight"": null}, ""kind"": ""linearsvc_cal""}"
linearsvc_cal,0.5094339622641509,0.5919459307237398,0.5733593026375448,0.6845497048151071,"{""vec"": {""max_df"": 0.9, ""min_df"": 2, ""ngram_range"": [1, 3], ""norm"": ""l2"", ""sublinear_tf"": true}, ""model"": {""C"": 1.0, ""class_weight"": null}, ""kind"": ""linearsvc_cal""}"
linearsvc_cal,0.5094339622641509,0.5919459307237398,0.5733593026375448,0.6845497048151071,"{""vec"": {""max_df"": 1.0, ""min_df"": 2, ""ngram_range"": [1, 2], ""norm"": ""l2"", ""sublinear_tf"": true}, ""model"": {""C"": 1.0, ""class_weight"": null}, ""kind"": ""linearsvc_cal""}"
linearsvc_cal,0.5094339622641509,0.5919459307237398,0.5733593026375448,0.6845497048151071,"{""vec"": {""max_df"": 1.0, ""min_df"": 2, ""ngram_range"": [1, 3], ""norm"": ""l2"", ""sublinear_tf"": true}, ""model"": {""C"": 1.0, ""class_weight"": null}, ""kind"": ""linearsvc_cal""}"
logreg,0.5094339622641509,0.5747676710785694,0.546457439895695,0.683103273113771,"{""vec"": {""max_df"": 0.9, ""min_df"": 2, ""ngram_range"": [1, 1], ""norm"": ""l2"", ""sublinear_tf"": true}, ""model"": {""C"": 0.25, ""class_weight"": null}, ""kind"": ""logreg""}"
logreg,0.5094339622641509,0.5747676710785694,0.5374098078813893,0.6868023058849739,"{""vec"": {""max_df"": 0.9, ""min_df"": 2, ""ngram_range"": [1, 1], ""norm"": ""l2"", ""sublinear_tf"": true}, ""model"": {""C"": 0.25, ""class_weight"": ""balanced""}, ""kind"": ""logreg""}"
logreg,0.5094339622641509,0.5747676710785694,0.546457439895695,0.683103273113771,"{""vec"": {""max_df"": 1.0, ""min_df"": 2, ""ngram_range"": [1, 1], ""norm"": ""l2"", ""sublinear_tf"": true}, ""model"": {""C"": 0.25, ""class_weight"": null}, ""kind"": ""logreg""}"
logreg,0.5094339622641509,0.5747676710785694,0.5374098078813893,0.6868023058849739,"{""vec"": {""max_df"": 1.0, ""min_df"": 2, ""ngram_range"": [1, 1], ""norm"": ""l2"", ""sublinear_tf"": true}, ""model"": {""C"": 0.25, ""class_weight"": ""balanced""}, ""kind"": ""logreg""}"
logreg,0.5094339622641509,0.5727963953815827,0.539095652782464,0.685910397908079,"{""vec"": {""max_df"": 0.9, ""min_df"": 2, ""ngram_range"": [1, 1], ""norm"": ""l2"", ""sublinear_tf"": true}, ""model"": {""C"": 0.5, ""class_weight"": ""balanced""}, ""kind"": ""logreg""}"
logreg,0.5094339622641509,0.5727963953815827,0.539095652782464,0.685910397908079,"{""vec"": {""max_df"": 1.0, ""min_df"": 2, ""ngram_range"": [1, 1], ""norm"": ""l2"", ""sublinear_tf"": true}, ""model"": {""C"": 0.5, ""class_weight"": ""balanced""}, ""kind"": ""logreg""}"
logreg,0.5094339622641509,0.5725147845677274,0.5388712332611812,0.6821239590125802,"{""vec"": {""max_df"": 0.9, ""min_df"": 2, ""ngram_range"": [1, 1], ""norm"": ""l2"", ""sublinear_tf"": true}, ""model"": {""C"": 0.5, ""class_weight"": null}, ""kind"": ""logreg""}"
logreg,0.5094339622641509,0.5725147845677274,0.5388712332611812,0.6821239590125802,"{""vec"": {""max_df"": 1.0, ""min_df"": 2, ""ngram_range"": [1, 1], ""norm"": ""l2"", ""sublinear_tf"": true}, ""model"": {""C"": 0.5, ""class_weight"": null}, ""kind"": ""logreg""}"
logreg,0.5094339622641509,0.5708251196845959,0.54397932752739,0.6854593838325092,"{""vec"": {""max_df"": 0.9, ""min_df"": 2, ""ngram_range"": [1, 1], ""norm"": ""l2"", ""sublinear_tf"": true}, ""model"": {""C"": 1.0, ""class_weight"": null}, ""kind"": ""logreg""}"
logreg,0.5094339622641509,0.5708251196845959,0.54397932752739,0.6854593838325092,"{""vec"": {""max_df"": 1.0, ""min_df"": 2, ""ngram_range"": [1, 1], ""norm"": ""l2"", ""sublinear_tf"": true}, ""model"": {""C"": 1.0, ""class_weight"": null}, ""kind"": ""logreg""}"
logreg,0.5094339622641509,0.5705435088707407,0.5437460702846987,0.6893319163562738,"{""vec"": {""max_df"": 0.9, ""min_df"": 2, ""ngram_range"": [1, 1], ""norm"": ""l2"", ""sublinear_tf"": true}, ""model"": {""C"": 1.0, ""class_weight"": ""balanced""}, ""kind"": ""logreg""}"
logreg,0.5094339622641509,0.5705435088707407,0.5437460702846987,0.6893319163562738,"{""vec"": {""max_df"": 1.0, ""min_df"": 2, ""ngram_range"": [1, 1], ""norm"": ""l2"", ""sublinear_tf"": true}, ""model"": {""C"": 1.0, ""class_weight"": ""balanced""}, ""kind"": ""logreg""}"
linearsvc_cal,0.5094339622641509,0.5649112925936356,0.522550862607281,0.6863334683845056,"{""vec"": {""max_df"": 0.9, ""min_df"": 2, ""ngram_range"": [1, 1], ""norm"": ""l2"", ""sublinear_tf"": true}, ""model"": {""C"": 0.25, ""class_weight"": ""balanced""}, ""kind"": ""linearsvc_cal""}"
linearsvc_cal,0.5094339622641509,0.5649112925936356,0.522550862607281,0.6863334683845056,"{""vec"": {""max_df"": 1.0, ""min_df"": 2, ""ngram_range"": [1, 1], ""norm"": ""l2"", ""sublinear_tf"": true}, ""model"": {""C"": 0.25, ""class_weight"": ""balanced""}, ""kind"": ""linearsvc_cal""}"
linearsvc_cal,0.5094339622641509,0.5649112925936355,0.5237574742486653,0.6862560220047269,"{""vec"": {""max_df"": 0.9, ""min_df"": 2, ""ngram_range"": [1, 1], ""norm"": ""l2"", ""sublinear_tf"": true}, ""model"": {""C"": 0.25, ""class_weight"": null}, ""kind"": ""linearsvc_cal""}"
linearsvc_cal,0.5094339622641509,0.5649112925936355,0.5237574742486653,0.6862560220047269,"{""vec"": {""max_df"": 1.0, ""min_df"": 2, ""ngram_range"": [1, 1], ""norm"": ""l2"", ""sublinear_tf"": true}, ""model"": {""C"": 0.25, ""class_weight"": null}, ""kind"": ""linearsvc_cal""}"
linearsvc_cal,0.5094339622641509,0.5632216277105041,0.5121894110086658,0.6863640477200108,"{""vec"": {""max_df"": 0.9, ""min_df"": 2, ""ngram_range"": [1, 2], ""norm"": ""l2"", ""sublinear_tf"": true}, ""model"": {""C"": 0.25, ""class_weight"": null}, ""kind"": ""linearsvc_cal""}"
linearsvc_cal,0.5094339622641509,0.5632216277105041,0.5121894110086658,0.6863640477200108,"{""vec"": {""max_df"": 0.9, ""min_df"": 2, ""ngram_range"": [1, 3], ""norm"": ""l2"", ""sublinear_tf"": true}, ""model"": {""C"": 0.25, ""class_weight"": null}, ""kind"": ""linearsvc_cal""}"
linearsvc_cal,0.5094339622641509,0.5632216277105041,0.5121894110086658,0.6863640477200108,"{""vec"": {""max_df"": 1.0, ""min_df"": 2, ""ngram_range"": [1, 2], ""norm"": ""l2"", ""sublinear_tf"": true}, ""model"": {""C"": 0.25, ""class_weight"": null}, ""kind"": ""linearsvc_cal""}"
linearsvc_cal,0.5094339622641509,0.5632216277105041,0.5121894110086658,0.6863640477200108,"{""vec"": {""max_df"": 1.0, ""min_df"": 2, ""ngram_range"": [1, 3], ""norm"": ""l2"", ""sublinear_tf"": true}, ""model"": {""C"": 0.25, ""class_weight"": null}, ""kind"": ""linearsvc_cal""}"
logreg,0.5094339622641509,0.559138270909603,0.516671123623438,0.6926134676189544,"{""vec"": {""max_df"": 0.9, ""min_df"": 5, ""ngram_range"": [1, 1], ""norm"": ""l2"", ""sublinear_tf"": true}, ""model"": {""C"": 1.0, ""class_weight"": null}, ""kind"": ""logreg""}"
logreg,0.5094339622641509,0.559138270909603,0.516671123623438,0.6926134676189544,"{""vec"": {""max_df"": 0.9, ""min_df"": 5, ""ngram_range"": [1, 2], ""norm"": ""l2"", ""sublinear_tf"": true}, ""model"": {""C"": 1.0, ""class_weight"": null}, ""kind"": ""logreg""}"
logreg,0.5094339622641509,0.559138270909603,0.516671123623438,0.6926134676189544,"{""vec"": {""max_df"": 0.9, ""min_df"": 5, ""ngram_range"": [1, 3], ""norm"": ""l2"", ""sublinear_tf"": true}, ""model"": {""C"": 1.0, ""class_weight"": null}, ""kind"": ""logreg""}"
logreg,0.5094339622641509,0.559138270909603,0.516671123623438,0.6926134676189544,"{""vec"": {""max_df"": 1.0, ""min_df"": 5, ""ngram_range"": [1, 1], ""norm"": ""l2"", ""sublinear_tf"": true}, ""model"": {""C"": 1.0, ""class_weight"": null}, ""kind"": ""logreg""}"
logreg,0.5094339622641509,0.559138270909603,0.516671123623438,0.6926134676189544,"{""vec"": {""max_df"": 1.0, ""min_df"": 5, ""ngram_range"": [1, 2], ""norm"": ""l2"", ""sublinear_tf"": true}, ""model"": {""C"": 1.0, ""class_weight"": null}, ""kind"": ""logreg""}"
logreg,0.5094339622641509,0.559138270909603,0.516671123623438,0.6926134676189544,"{""vec"": {""max_df"": 1.0, ""min_df"": 5, ""ngram_range"": [1, 3], ""norm"": ""l2"", ""sublinear_tf"": true}, ""model"": {""C"": 1.0, ""class_weight"": null}, ""kind"": ""logreg""}"
logreg,0.5094339622641509,0.5588566600957476,0.5165656283421622,0.6967413885942771,"{""vec"": {""max_df"": 0.9, ""min_df"": 5, ""ngram_range"": [1, 1], ""norm"": ""l2"", ""sublinear_tf"": true}, ""model"": {""C"": 1.0, ""class_weight"": ""balanced""}, ""kind"": ""logreg""}"
logreg,0.5094339622641509,0.5588566600957476,0.5165656283421622,0.6967413885942771,"{""vec"": {""max_df"": 0.9, ""min_df"": 5, ""ngram_range"": [1, 2], ""norm"": ""l2"", ""sublinear_tf"": true}, ""model"": {""C"": 1.0, ""class_weight"": ""balanced""}, ""kind"": ""logreg""}"
logreg,0.5094339622641509,0.5588566600957476,0.5165656283421622,0.6967413885942771,"{""vec"": {""max_df"": 0.9, ""min_df"": 5, ""ngram_range"": [1, 3], ""norm"": ""l2"", ""sublinear_tf"": true}, ""model"": {""C"": 1.0, ""class_weight"": ""balanced""}, ""kind"": ""logreg""}"
logreg,0.5094339622641509,0.5588566600957476,0.5165656283421622,0.6967413885942771,"{""vec"": {""max_df"": 1.0, ""min_df"": 5, ""ngram_range"": [1, 1], ""norm"": ""l2"", ""sublinear_tf"": true}, ""model"": {""C"": 1.0, ""class_weight"": ""balanced""}, ""kind"": ""logreg""}"
logreg,0.5094339622641509,0.5588566600957476,0.5165656283421622,0.6967413885942771,"{""vec"": {""max_df"": 1.0, ""min_df"": 5, ""ngram_range"": [1, 2], ""norm"": ""l2"", ""sublinear_tf"": true}, ""model"": {""C"": 1.0, ""class_weight"": ""balanced""}, ""kind"": ""logreg""}"
logreg,0.5094339622641509,0.5588566600957476,0.5165656283421622,0.6967413885942771,"{""vec"": {""max_df"": 1.0, ""min_df"": 5, ""ngram_range"": [1, 3], ""norm"": ""l2"", ""sublinear_tf"": true}, ""model"": {""C"": 1.0, ""class_weight"": ""balanced""}, ""kind"": ""logreg""}"
logreg,0.5094339622641509,0.55575894114334,0.5149590896843768,0.7011728993799667,"{""vec"": {""max_df"": 0.9, ""min_df"": 5, ""ngram_range"": [1, 1], ""norm"": ""l2"", ""sublinear_tf"": true}, ""model"": {""C"": 2.0, ""class_weight"": null}, ""kind"": ""logreg""}"
logreg,0.5094339622641509,0.55575894114334,0.5149590896843768,0.7011728993799667,"{""vec"": {""max_df"": 0.9, ""min_df"": 5, ""ngram_range"": [1, 2], ""norm"": ""l2"", ""sublinear_tf"": true}, ""model"": {""C"": 2.0, ""class_weight"": null}, ""kind"": ""logreg""}"
logreg,0.5094339622641509,0.55575894114334,0.5149590896843768,0.7011728993799667,"{""vec"": {""max_df"": 0.9, ""min_df"": 5, ""ngram_range"": [1, 3], ""norm"": ""l2"", ""sublinear_tf"": true}, ""model"": {""C"": 2.0, ""class_weight"": null}, ""kind"": ""logreg""}"
logreg,0.5094339622641509,0.55575894114334,0.5149590896843768,0.7011728993799667,"{""vec"": {""max_df"": 1.0, ""min_df"": 5, ""ngram_range"": [1, 1], ""norm"": ""l2"", ""sublinear_tf"": true}, ""model"": {""C"": 2.0, ""class_weight"": null}, ""kind"": ""logreg""}"
logreg,0.5094339622641509,0.55575894114334,0.5149590896843768,0.7011728993799667,"{""vec"": {""max_df"": 1.0, ""min_df"": 5, ""ngram_range"": [1, 2], ""norm"": ""l2"", ""sublinear_tf"": true}, ""model"": {""C"": 2.0, ""class_weight"": null}, ""kind"": ""logreg""}"
logreg,0.5094339622641509,0.55575894114334,0.5149590896843768,0.7011728993799667,"{""vec"": {""max_df"": 1.0, ""min_df"": 5, ""ngram_range"": [1, 3], ""norm"": ""l2"", ""sublinear_tf"": true}, ""model"": {""C"": 2.0, ""class_weight"": null}, ""kind"": ""logreg""}"
logreg,0.5094339622641509,0.5550549141087018,0.5403786233413483,0.725253862065791,"{""vec"": {""max_df"": 0.9, ""min_df"": 1, ""ngram_range"": [1, 1], ""norm"": ""l2"", ""sublinear_tf"": true}, ""model"": {""C"": 4.0, ""class_weight"": null}, ""kind"": ""logreg""}"
logreg,0.5094339622641509,0.5550549141087018,0.5403590847193064,0.7289030611702277,"{""vec"": {""max_df"": 0.9, ""min_df"": 1, ""ngram_range"": [1, 1], ""norm"": ""l2"", ""sublinear_tf"": true}, ""model"": {""C"": 4.0, ""class_weight"": ""balanced""}, ""kind"": ""logreg""}"
logreg,0.5094339622641509,0.5550549141087018,0.5403786233413483,0.725253862065791,"{""vec"": {""max_df"": 1.0, ""min_df"": 1, ""ngram_range"": [1, 1], ""norm"": ""l2"", ""sublinear_tf"": true}, ""model"": {""C"": 4.0, ""class_weight"": null}, ""kind"": ""logreg""}"
logreg,0.5094339622641509,0.5550549141087018,0.5403590847193064,0.7289030611702277,"{""vec"": {""max_df"": 1.0, ""min_df"": 1, ""ngram_range"": [1, 1], ""norm"": ""l2"", ""sublinear_tf"": true}, ""model"": {""C"": 4.0, ""class_weight"": ""balanced""}, ""kind"": ""logreg""}"
logreg,0.5094339622641509,0.5501267248662349,0.5252155482947021,0.7137893820396893,"{""vec"": {""max_df"": 0.9, ""min_df"": 5, ""ngram_range"": [1, 1], ""norm"": ""l2"", ""sublinear_tf"": true}, ""model"": {""C"": 4.0, ""class_weight"": null}, ""kind"": ""logreg""}"
logreg,0.5094339622641509,0.5501267248662349,0.5252155482947021,0.7137893820396893,"{""vec"": {""max_df"": 0.9, ""min_df"": 5, ""ngram_range"": [1, 2], ""norm"": ""l2"", ""sublinear_tf"": true}, ""model"": {""C"": 4.0, ""class_weight"": null}, ""kind"": ""logreg""}"
logreg,0.5094339622641509,0.5501267248662349,0.5252155482947021,0.7137893820396893,"{""vec"": {""max_df"": 0.9, ""min_df"": 5, ""ngram_range"": [1, 3], ""norm"": ""l2"", ""sublinear_tf"": true}, ""model"": {""C"": 4.0, ""class_weight"": null}, ""kind"": ""logreg""}"
logreg,0.5094339622641509,0.5501267248662349,0.5252155482947021,0.7137893820396893,"{""vec"": {""max_df"": 1.0, ""min_df"": 5, ""ngram_range"": [1, 1], ""norm"": ""l2"", ""sublinear_tf"": true}, ""model"": {""C"": 4.0, ""class_weight"": null}, ""kind"": ""logreg""}"
logreg,0.5094339622641509,0.5501267248662349,0.5252155482947021,0.7137893820396893,"{""vec"": {""max_df"": 1.0, ""min_df"": 5, ""ngram_range"": [1, 2], ""norm"": ""l2"", ""sublinear_tf"": true}, ""model"": {""C"": 4.0, ""class_weight"": null}, ""kind"": ""logreg""}"
logreg,0.5094339622641509,0.5501267248662349,0.5252155482947021,0.7137893820396893,"{""vec"": {""max_df"": 1.0, ""min_df"": 5, ""ngram_range"": [1, 3], ""norm"": ""l2"", ""sublinear_tf"": true}, ""model"": {""C"": 4.0, ""class_weight"": null}, ""kind"": ""logreg""}"
logreg,0.5094339622641509,0.5495635032385244,0.5248195790554722,0.718663435513844,"{""vec"": {""max_df"": 0.9, ""min_df"": 5, ""ngram_range"": [1, 1], ""norm"": ""l2"", ""sublinear_tf"": true}, ""model"": {""C"": 4.0, ""class_weight"": ""balanced""}, ""kind"": ""logreg""}"
logreg,0.5094339622641509,0.5495635032385244,0.5248195790554722,0.718663435513844,"{""vec"": {""max_df"": 0.9, ""min_df"": 5, ""ngram_range"": [1, 2], ""norm"": ""l2"", ""sublinear_tf"": true}, ""model"": {""C"": 4.0, ""class_weight"": ""balanced""}, ""kind"": ""logreg""}"
logreg,0.5094339622641509,0.5495635032385244,0.5248195790554722,0.718663435513844,"{""vec"": {""max_df"": 0.9, ""min_df"": 5, ""ngram_range"": [1, 3], ""norm"": ""l2"", ""sublinear_tf"": true}, ""model"": {""C"": 4.0, ""class_weight"": ""balanced""}, ""kind"": ""logreg""}"
logreg,0.5094339622641509,0.5495635032385244,0.5248195790554722,0.718663435513844,"{""vec"": {""max_df"": 1.0, ""min_df"": 5, ""ngram_range"": [1, 1], ""norm"": ""l2"", ""sublinear_tf"": true}, ""model"": {""C"": 4.0, ""class_weight"": ""balanced""}, ""kind"": ""logreg""}"
logreg,0.5094339622641509,0.5495635032385244,0.5248195790554722,0.718663435513844,"{""vec"": {""max_df"": 1.0, ""min_df"": 5, ""ngram_range"": [1, 2], ""norm"": ""l2"", ""sublinear_tf"": true}, ""model"": {""C"": 4.0, ""class_weight"": ""balanced""}, ""kind"": ""logreg""}"
logreg,0.5094339622641509,0.5495635032385244,0.5248195790554722,0.718663435513844,"{""vec"": {""max_df"": 1.0, ""min_df"": 5, ""ngram_range"": [1, 3], ""norm"": ""l2"", ""sublinear_tf"": true}, ""model"": {""C"": 4.0, ""class_weight"": ""balanced""}, ""kind"": ""logreg""}"
logreg,0.49056603773584906,0.5750492818924248,0.5613296784730779,0.693732404022448,"{""vec"": {""max_df"": 0.9, ""min_df"": 2, ""ngram_range"": [1, 2], ""norm"": ""l2"", ""sublinear_tf"": true}, ""model"": {""C"": 2.0, ""class_weight"": null}, ""kind"": ""logreg""}"
logreg,0.49056603773584906,0.5750492818924248,0.5613296784730779,0.693732404022448,"{""vec"": {""max_df"": 0.9, ""min_df"": 2, ""ngram_range"": [1, 3], ""norm"": ""l2"", ""sublinear_tf"": true}, ""model"": {""C"": 2.0, ""class_weight"": null}, ""kind"": ""logreg""}"
logreg,0.49056603773584906,0.5750492818924248,0.5613296784730779,0.693732404022448,"{""vec"": {""max_df"": 1.0, ""min_df"": 2, ""ngram_range"": [1, 2], ""norm"": ""l2"", ""sublinear_tf"": true}, ""model"": {""C"": 2.0, ""class_weight"": null}, ""kind"": ""logreg""}"
logreg,0.49056603773584906,0.5750492818924248,0.5613296784730779,0.693732404022448,"{""vec"": {""max_df"": 1.0, ""min_df"": 2, ""ngram_range"": [1, 3], ""norm"": ""l2"", ""sublinear_tf"": true}, ""model"": {""C"": 2.0, ""class_weight"": null}, ""kind"": ""logreg""}"
logreg,0.49056603773584906,0.5750492818924247,0.5604487133197366,0.6974582119350446,"{""vec"": {""max_df"": 0.9, ""min_df"": 2, ""ngram_range"": [1, 2], ""norm"": ""l2"", ""sublinear_tf"": true}, ""model"": {""C"": 2.0, ""class_weight"": ""balanced""}, ""kind"": ""logreg""}"
logreg,0.49056603773584906,0.5750492818924247,0.5604487133197366,0.6974582119350446,"{""vec"": {""max_df"": 0.9, ""min_df"": 2, ""ngram_range"": [1, 3], ""norm"": ""l2"", ""sublinear_tf"": true}, ""model"": {""C"": 2.0, ""class_weight"": ""balanced""}, ""kind"": ""logreg""}"
logreg,0.49056603773584906,0.5750492818924247,0.5604487133197366,0.6974582119350446,"{""vec"": {""max_df"": 1.0, ""min_df"": 2, ""ngram_range"": [1, 2], ""norm"": ""l2"", ""sublinear_tf"": true}, ""model"": {""C"": 2.0, ""class_weight"": ""balanced""}, ""kind"": ""logreg""}"
logreg,0.49056603773584906,0.5750492818924247,0.5604487133197366,0.6974582119350446,"{""vec"": {""max_df"": 1.0, ""min_df"": 2, ""ngram_range"": [1, 3], ""norm"": ""l2"", ""sublinear_tf"": true}, ""model"": {""C"": 2.0, ""class_weight"": ""balanced""}, ""kind"": ""logreg""}"
logreg,0.49056603773584906,0.5649112925936356,0.5288213242882287,0.6852648890982702,"{""vec"": {""max_df"": 0.9, ""min_df"": 1, ""ngram_range"": [1, 1], ""norm"": ""l2"", ""sublinear_tf"": true}, ""model"": {""C"": 0.25, ""class_weight"": null}, ""kind"": ""logreg""}"
logreg,0.49056603773584906,0.5649112925936356,0.5288213242882287,0.6852648890982702,"{""vec"": {""max_df"": 1.0, ""min_df"": 1, ""ngram_range"": [1, 1], ""norm"": ""l2"", ""sublinear_tf"": true}, ""model"": {""C"": 0.25, ""class_weight"": null}, ""kind"": ""logreg""}"
logreg,0.49056603773584906,0.5643480709659251,0.5293353935547999,0.6889154699432557,"{""vec"": {""max_df"": 0.9, ""min_df"": 1, ""ngram_range"": [1, 1], ""norm"": ""l2"", ""sublinear_tf"": true}, ""model"": {""C"": 0.25, ""class_weight"": ""balanced""}, ""kind"": ""logreg""}"
logreg,0.49056603773584906,0.5643480709659251,0.5293353935547999,0.6889154699432557,"{""vec"": {""max_df"": 1.0, ""min_df"": 1, ""ngram_range"": [1, 1], ""norm"": ""l2"", ""sublinear_tf"": true}, ""model"": {""C"": 0.25, ""class_weight"": ""balanced""}, ""kind"": ""logreg""}"
linearsvc_cal,0.49056603773584906,0.5623767952689384,0.5086847646467896,0.686441230674962,"{""vec"": {""max_df"": 0.9, ""min_df"": 2, ""ngram_range"": [1, 2], ""norm"": ""l2"", ""sublinear_tf"": true}, ""model"": {""C"": 0.25, ""class_weight"": ""balanced""}, ""kind"": ""linearsvc_cal""}"
linearsvc_cal,0.49056603773584906,0.5623767952689384,0.5086847646467896,0.686441230674962,"{""vec"": {""max_df"": 0.9, ""min_df"": 2, ""ngram_range"": [1, 3], ""norm"": ""l2"", ""sublinear_tf"": true}, ""model"": {""C"": 0.25, ""class_weight"": ""balanced""}, ""kind"": ""linearsvc_cal""}"
linearsvc_cal,0.49056603773584906,0.5623767952689384,0.5086847646467896,0.686441230674962,"{""vec"": {""max_df"": 1.0, ""min_df"": 2, ""ngram_range"": [1, 2], ""norm"": ""l2"", ""sublinear_tf"": true}, ""model"": {""C"": 0.25, ""class_weight"": ""balanced""}, ""kind"": ""linearsvc_cal""}"
linearsvc_cal,0.49056603773584906,0.5623767952689384,0.5086847646467896,0.686441230674962,"{""vec"": {""max_df"": 1.0, ""min_df"": 2, ""ngram_range"": [1, 3], ""norm"": ""l2"", ""sublinear_tf"": true}, ""model"": {""C"": 0.25, ""class_weight"": ""balanced""}, ""kind"": ""linearsvc_cal""}"
logreg,0.49056603773584906,0.562095184455083,0.5339579537273279,0.7211101772101238,"{""vec"": {""max_df"": 0.9, ""min_df"": 2, ""ngram_range"": [1, 2], ""norm"": ""l2"", ""sublinear_tf"": true}, ""model"": {""C"": 4.0, ""class_weight"": null}, ""kind"": ""logreg""}"
logreg,0.49056603773584906,0.562095184455083,0.5339579537273279,0.7211101772101238,"{""vec"": {""max_df"": 0.9, ""min_df"": 2, ""ngram_range"": [1, 3], ""norm"": ""l2"", ""sublinear_tf"": true}, ""model"": {""C"": 4.0, ""class_weight"": null}, ""kind"": ""logreg""}"
logreg,0.49056603773584906,0.562095184455083,0.5339579537273279,0.7211101772101238,"{""vec"": {""max_df"": 1.0, ""min_df"": 2, ""ngram_range"": [1, 2], ""norm"": ""l2"", ""sublinear_tf"": true}, ""model"": {""C"": 4.0, ""class_weight"": null}, ""kind"": ""logreg""}"
logreg,0.49056603773584906,0.562095184455083,0.5339579537273279,0.7211101772101238,"{""vec"": {""max_df"": 1.0, ""min_df"": 2, ""ngram_range"": [1, 3], ""norm"": ""l2"", ""sublinear_tf"": true}, ""model"": {""C"": 4.0, ""class_weight"": null}, ""kind"": ""logreg""}"
logreg,0.49056603773584906,0.5618135736412277,0.5362713252294141,0.7248437769656929,"{""vec"": {""max_df"": 0.9, ""min_df"": 2, ""ngram_range"": [1, 2], ""norm"": ""l2"", ""sublinear_tf"": true}, ""model"": {""C"": 4.0, ""class_weight"": ""balanced""}, ""kind"": ""logreg""}"
logreg,0.49056603773584906,0.5618135736412277,0.5362713252294141,0.7248437769656929,"{""vec"": {""max_df"": 0.9, ""min_df"": 2, ""ngram_range"": [1, 3], ""norm"": ""l2"", ""sublinear_tf"": true}, ""model"": {""C"": 4.0, ""class_weight"": ""balanced""}, ""kind"": ""logreg""}"
logreg,0.49056603773584906,0.5618135736412277,0.5362713252294141,0.7248437769656929,"{""vec"": {""max_df"": 1.0, ""min_df"": 2, ""ngram_range"": [1, 2], ""norm"": ""l2"", ""sublinear_tf"": true}, ""model"": {""C"": 4.0, ""class_weight"": ""balanced""}, ""kind"": ""logreg""}"
logreg,0.49056603773584906,0.5618135736412277,0.5362713252294141,0.7248437769656929,"{""vec"": {""max_df"": 1.0, ""min_df"": 2, ""ngram_range"": [1, 3], ""norm"": ""l2"", ""sublinear_tf"": true}, ""model"": {""C"": 4.0, ""class_weight"": ""balanced""}, ""kind"": ""logreg""}"
logreg,0.49056603773584906,0.5615319628273725,0.5467497525215295,0.7024841869510067,"{""vec"": {""max_df"": 0.9, ""min_df"": 2, ""ngram_range"": [1, 1], ""norm"": ""l2"", ""sublinear_tf"": true}, ""model"": {""C"": 2.0, ""class_weight"": ""balanced""}, ""kind"": ""logreg""}"
logreg,0.49056603773584906,0.5615319628273725,0.5467497525215295,0.7024841869510067,"{""vec"": {""max_df"": 1.0, ""min_df"": 2, ""ngram_range"": [1, 1], ""norm"": ""l2"", ""sublinear_tf"": true}, ""model"": {""C"": 2.0, ""class_weight"": ""balanced""}, ""kind"": ""logreg""}"
logreg,0.49056603773584906,0.5612503520135174,0.5322664415170492,0.6844676820926495,"{""vec"": {""max_df"": 0.9, ""min_df"": 1, ""ngram_range"": [1, 1], ""norm"": ""l2"", ""sublinear_tf"": true}, ""model"": {""C"": 0.5, ""class_weight"": null}, ""kind"": ""logreg""}"
logreg,0.49056603773584906,0.5612503520135174,0.5322664415170492,0.6844676820926495,"{""vec"": {""max_df"": 1.0, ""min_df"": 1, ""ngram_range"": [1, 1], ""norm"": ""l2"", ""sublinear_tf"": true}, ""model"": {""C"": 0.5, ""class_weight"": null}, ""kind"": ""logreg""}"
logreg,0.49056603773584906,0.5609687411996621,0.5349142118145711,0.6881297420098638,"{""vec"": {""max_df"": 0.9, ""min_df"": 1, ""ngram_range"": [1, 1], ""norm"": ""l2"", ""sublinear_tf"": true}, ""model"": {""C"": 0.5, ""class_weight"": ""balanced""}, ""kind"": ""logreg""}"
logreg,0.49056603773584906,0.5609687411996621,0.5476807310294459,0.6985360733374127,"{""vec"": {""max_df"": 0.9, ""min_df"": 2, ""ngram_range"": [1, 1], ""norm"": ""l2"", ""sublinear_tf"": true}, ""model"": {""C"": 2.0, ""class_weight"": null}, ""kind"": ""logreg""}"
logreg,0.49056603773584906,0.5609687411996621,0.5349142118145711,0.6881297420098638,"{""vec"": {""max_df"": 1.0, ""min_df"": 1, ""ngram_range"": [1, 1], ""norm"": ""l2"", ""sublinear_tf"": true}, ""model"": {""C"": 0.5, ""class_weight"": ""balanced""}, ""kind"": ""logreg""}"
logreg,0.49056603773584906,0.5609687411996621,0.5476807310294459,0.6985360733374127,"{""vec"": {""max_df"": 1.0, ""min_df"": 2, ""ngram_range"": [1, 1], ""norm"": ""l2"", ""sublinear_tf"": true}, ""model"": {""C"": 2.0, ""class_weight"": null}, ""kind"": ""logreg""}"
logreg,0.49056603773584906,0.560968741199662,0.5415852002114967,0.6910128801865395,"{""vec"": {""max_df"": 0.9, ""min_df"": 1, ""ngram_range"": [1, 1], ""norm"": ""l2"", ""sublinear_tf"": true}, ""model"": {""C"": 1.0, ""class_weight"": ""balanced""}, ""kind"": ""logreg""}"
logreg,0.49056603773584906,0.560968741199662,0.5415852002114967,0.6910128801865395,"{""vec"": {""max_df"": 1.0, ""min_df"": 1, ""ngram_range"": [1, 1], ""norm"": ""l2"", ""sublinear_tf"": true}, ""model"": {""C"": 1.0, ""class_weight"": ""balanced""}, ""kind"": ""logreg""}"
logreg,0.49056603773584906,0.5606871303858068,0.5416006322030955,0.6873526066923691,"{""vec"": {""max_df"": 0.9, ""min_df"": 1, ""ngram_range"": [1, 1], ""norm"": ""l2"", ""sublinear_tf"": true}, ""model"": {""C"": 1.0, ""class_weight"": null}, ""kind"": ""logreg""}"
logreg,0.49056603773584906,0.5606871303858068,0.5416006322030955,0.6873526066923691,"{""vec"": {""max_df"": 1.0, ""min_df"": 1, ""ngram_range"": [1, 1], ""norm"": ""l2"", ""sublinear_tf"": true}, ""model"": {""C"": 1.0, ""class_weight"": null}, ""kind"": ""logreg""}"
logreg,0.49056603773584906,0.5573078006195438,0.5374487010925377,0.6990233253813156,"{""vec"": {""max_df"": 0.9, ""min_df"": 1, ""ngram_range"": [1, 1], ""norm"": ""l2"", ""sublinear_tf"": true}, ""model"": {""C"": 2.0, ""class_weight"": null}, ""kind"": ""logreg""}"
logreg,0.49056603773584906,0.5573078006195438,0.5374487010925377,0.7026851696459493,"{""vec"": {""max_df"": 0.9, ""min_df"": 1, ""ngram_range"": [1, 1], ""norm"": ""l2"", ""sublinear_tf"": true}, ""model"": {""C"": 2.0, ""class_weight"": ""balanced""}, ""kind"": ""logreg""}"
logreg,0.49056603773584906,0.5573078006195438,0.5374487010925377,0.6990233253813156,"{""vec"": {""max_df"": 1.0, ""min_df"": 1, ""ngram_range"": [1, 1], ""norm"": ""l2"", ""sublinear_tf"": true}, ""model"": {""C"": 2.0, ""class_weight"": null}, ""kind"": ""logreg""}"
logreg,0.49056603773584906,0.5573078006195438,0.5374487010925377,0.7026851696459493,"{""vec"": {""max_df"": 1.0, ""min_df"": 1, ""ngram_range"": [1, 1], ""norm"": ""l2"", ""sublinear_tf"": true}, ""model"": {""C"": 2.0, ""class_weight"": ""balanced""}, ""kind"": ""logreg""}"
logreg,0.49056603773584906,0.5570261898056885,0.537829675612634,0.6881853726609353,"{""vec"": {""max_df"": 0.9, ""min_df"": 1, ""ngram_range"": [1, 2], ""norm"": ""l2"", ""sublinear_tf"": true}, ""model"": {""C"": 1.0, ""class_weight"": ""balanced""}, ""kind"": ""logreg""}"
logreg,0.49056603773584906,0.5570261898056885,0.537829675612634,0.6881853726609353,"{""vec"": {""max_df"": 1.0, ""min_df"": 1, ""ngram_range"": [1, 2], ""norm"": ""l2"", ""sublinear_tf"": true}, ""model"": {""C"": 1.0, ""class_weight"": ""balanced""}, ""kind"": ""logreg""}"
logreg,0.49056603773584906,0.5567445789918333,0.5377460515397915,0.6847845431478429,"{""vec"": {""max_df"": 0.9, ""min_df"": 1, ""ngram_range"": [1, 2], ""norm"": ""l2"", ""sublinear_tf"": true}, ""model"": {""C"": 1.0, ""class_weight"": null}, ""kind"": ""logreg""}"
logreg,0.49056603773584906,0.5567445789918333,0.5377460515397915,0.6847845431478429,"{""vec"": {""max_df"": 1.0, ""min_df"": 1, ""ngram_range"": [1, 2], ""norm"": ""l2"", ""sublinear_tf"": true}, ""model"": {""C"": 1.0, ""class_weight"": null}, ""kind"": ""logreg""}"
logreg,0.49056603773584906,0.555336524922557,0.5268534646572265,0.686748768131287,"{""vec"": {""max_df"": 0.9, ""min_df"": 1, ""ngram_range"": [1, 3], ""norm"": ""l2"", ""sublinear_tf"": true}, ""model"": {""C"": 0.25, ""class_weight"": null}, ""kind"": ""logreg""}"
logreg,0.49056603773584906,0.555336524922557,0.5280777931594589,0.685316914093577,"{""vec"": {""max_df"": 0.9, ""min_df"": 1, ""ngram_range"": [1, 3], ""norm"": ""l2"", ""sublinear_tf"": true}, ""model"": {""C"": 0.5, ""class_weight"": null}, ""kind"": ""logreg""}"
logreg,0.49056603773584906,0.555336524922557,0.5268534646572265,0.686748768131287,"{""vec"": {""max_df"": 1.0, ""min_df"": 1, ""ngram_range"": [1, 3], ""norm"": ""l2"", ""sublinear_tf"": true}, ""model"": {""C"": 0.25, ""class_weight"": null}, ""kind"": ""logreg""}"
logreg,0.49056603773584906,0.555336524922557,0.5280777931594589,0.685316914093577,"{""vec"": {""max_df"": 1.0, ""min_df"": 1, ""ngram_range"": [1, 3], ""norm"": ""l2"", ""sublinear_tf"": true}, ""model"": {""C"": 0.5, ""class_weight"": null}, ""kind"": ""logreg""}"
logreg,0.49056603773584906,0.5551957195156294,0.501970573768991,0.6905427387159311,"{""vec"": {""max_df"": 0.9, ""min_df"": 5, ""ngram_range"": [1, 1], ""norm"": ""l2"", ""sublinear_tf"": true}, ""model"": {""C"": 0.25, ""class_weight"": ""balanced""}, ""kind"": ""logreg""}"
logreg,0.49056603773584906,0.5551957195156294,0.501970573768991,0.6905427387159311,"{""vec"": {""max_df"": 0.9, ""min_df"": 5, ""ngram_range"": [1, 2], ""norm"": ""l2"", ""sublinear_tf"": true}, ""model"": {""C"": 0.25, ""class_weight"": ""balanced""}, ""kind"": ""logreg""}"
logreg,0.49056603773584906,0.5551957195156294,0.501970573768991,0.6905427387159311,"{""vec"": {""max_df"": 0.9, ""min_df"": 5, ""ngram_range"": [1, 3], ""norm"": ""l2"", ""sublinear_tf"": true}, ""model"": {""C"": 0.25, ""class_weight"": ""balanced""}, ""kind"": ""logreg""}"
logreg,0.49056603773584906,0.5551957195156294,0.501970573768991,0.6905427387159311,"{""vec"": {""max_df"": 1.0, ""min_df"": 5, ""ngram_range"": [1, 1], ""norm"": ""l2"", ""sublinear_tf"": true}, ""model"": {""C"": 0.25, ""class_weight"": ""balanced""}, ""kind"": ""logreg""}"
logreg,0.49056603773584906,0.5551957195156294,0.501970573768991,0.6905427387159311,"{""vec"": {""max_df"": 1.0, ""min_df"": 5, ""ngram_range"": [1, 2], ""norm"": ""l2"", ""sublinear_tf"": true}, ""model"": {""C"": 0.25, ""class_weight"": ""balanced""}, ""kind"": ""logreg""}"
logreg,0.49056603773584906,0.5551957195156294,0.501970573768991,0.6905427387159311,"{""vec"": {""max_df"": 1.0, ""min_df"": 5, ""ngram_range"": [1, 3], ""norm"": ""l2"", ""sublinear_tf"": true}, ""model"": {""C"": 0.25, ""class_weight"": ""balanced""}, ""kind"": ""logreg""}"
logreg,0.49056603773584906,0.5550549141087018,0.5258243043678861,0.6903098625889588,"{""vec"": {""max_df"": 0.9, ""min_df"": 1, ""ngram_range"": [1, 3], ""norm"": ""l2"", ""sublinear_tf"": true}, ""model"": {""C"": 0.25, ""class_weight"": ""balanced""}, ""kind"": ""logreg""}"
logreg,0.49056603773584906,0.5550549141087018,0.5277792000199687,0.6887885410139876,"{""vec"": {""max_df"": 0.9, ""min_df"": 1, ""ngram_range"": [1, 3], ""norm"": ""l2"", ""sublinear_tf"": true}, ""model"": {""C"": 0.5, ""class_weight"": ""balanced""}, ""kind"": ""logreg""}"
logreg,0.49056603773584906,0.5550549141087018,0.5258243043678861,0.6903098625889588,"{""vec"": {""max_df"": 1.0, ""min_df"": 1, ""ngram_range"": [1, 3], ""norm"": ""l2"", ""sublinear_tf"": true}, ""model"": {""C"": 0.25, ""class_weight"": ""balanced""}, ""kind"": ""logreg""}"
logreg,0.49056603773584906,0.5550549141087018,0.5277792000199687,0.6887885410139876,"{""vec"": {""max_df"": 1.0, ""min_df"": 1, ""ngram_range"": [1, 3], ""norm"": ""l2"", ""sublinear_tf"": true}, ""model"": {""C"": 0.5, ""class_weight"": ""balanced""}, ""kind"": ""logreg""}"
logreg,0.49056603773584906,0.5549141087017742,0.5060546230514107,0.6882076138888936,"{""vec"": {""max_df"": 0.9, ""min_df"": 5, ""ngram_range"": [1, 1], ""norm"": ""l2"", ""sublinear_tf"": true}, ""model"": {""C"": 0.5, ""class_weight"": null}, ""kind"": ""logreg""}"
logreg,0.49056603773584906,0.5549141087017742,0.5060546230514107,0.6882076138888936,"{""vec"": {""max_df"": 0.9, ""min_df"": 5, ""ngram_range"": [1, 2], ""norm"": ""l2"", ""sublinear_tf"": true}, ""model"": {""C"": 0.5, ""class_weight"": null}, ""kind"": ""logreg""}"
logreg,0.49056603773584906,0.5549141087017742,0.5060546230514107,0.6882076138888936,"{""vec"": {""max_df"": 0.9, ""min_df"": 5, ""ngram_range"": [1, 3], ""norm"": ""l2"", ""sublinear_tf"": true}, ""model"": {""C"": 0.5, ""class_weight"": null}, ""kind"": ""logreg""}"
logreg,0.49056603773584906,0.5549141087017742,0.5060546230514107,0.6882076138888936,"{""vec"": {""max_df"": 1.0, ""min_df"": 5, ""ngram_range"": [1, 1], ""norm"": ""l2"", ""sublinear_tf"": true}, ""model"": {""C"": 0.5, ""class_weight"": null}, ""kind"": ""logreg""}"
logreg,0.49056603773584906,0.5549141087017742,0.5060546230514107,0.6882076138888936,"{""vec"": {""max_df"": 1.0, ""min_df"": 5, ""ngram_range"": [1, 2], ""norm"": ""l2"", ""sublinear_tf"": true}, ""model"": {""C"": 0.5, ""class_weight"": null}, ""kind"": ""logreg""}"
logreg,0.49056603773584906,0.5549141087017742,0.5060546230514107,0.6882076138888936,"{""vec"": {""max_df"": 1.0, ""min_df"": 5, ""ngram_range"": [1, 3], ""norm"": ""l2"", ""sublinear_tf"": true}, ""model"": {""C"": 0.5, ""class_weight"": null}, ""kind"": ""logreg""}"
logreg,0.49056603773584906,0.5547733032948466,0.533558346423092,0.6847194005710453,"{""vec"": {""max_df"": 0.9, ""min_df"": 1, ""ngram_range"": [1, 3], ""norm"": ""l2"", ""sublinear_tf"": true}, ""model"": {""C"": 1.0, ""class_weight"": null}, ""kind"": ""logreg""}"
logreg,0.49056603773584906,0.5547733032948466,0.533558346423092,0.6847194005710453,"{""vec"": {""max_df"": 1.0, ""min_df"": 1, ""ngram_range"": [1, 3], ""norm"": ""l2"", ""sublinear_tf"": true}, ""model"": {""C"": 1.0, ""class_weight"": null}, ""kind"": ""logreg""}"
logreg,0.49056603773584906,0.5544916924809913,0.5274549764626887,0.6883594811005833,"{""vec"": {""max_df"": 0.9, ""min_df"": 1, ""ngram_range"": [1, 2], ""norm"": ""l2"", ""sublinear_tf"": true}, ""model"": {""C"": 0.5, ""class_weight"": ""balanced""}, ""kind"": ""logreg""}"
logreg,0.49056603773584906,0.5544916924809913,0.5274549764626887,0.6883594811005833,"{""vec"": {""max_df"": 1.0, ""min_df"": 1, ""ngram_range"": [1, 2], ""norm"": ""l2"", ""sublinear_tf"": true}, ""model"": {""C"": 0.5, ""class_weight"": ""balanced""}, ""kind"": ""logreg""}"
logreg,0.49056603773584906,0.5543508870740637,0.5048831038324284,0.6920878395333944,"{""vec"": {""max_df"": 0.9, ""min_df"": 5, ""ngram_range"": [1, 1], ""norm"": ""l2"", ""sublinear_tf"": true}, ""model"": {""C"": 0.5, ""class_weight"": ""balanced""}, ""kind"": ""logreg""}"
logreg,0.49056603773584906,0.5543508870740637,0.5048831038324284,0.6920878395333944,"{""vec"": {""max_df"": 0.9, ""min_df"": 5, ""ngram_range"": [1, 2], ""norm"": ""l2"", ""sublinear_tf"": true}, ""model"": {""C"": 0.5, ""class_weight"": ""balanced""}, ""kind"": ""logreg""}"
logreg,0.49056603773584906,0.5543508870740637,0.5048831038324284,0.6920878395333944,"{""vec"": {""max_df"": 0.9, ""min_df"": 5, ""ngram_range"": [1, 3], ""norm"": ""l2"", ""sublinear_tf"": true}, ""model"": {""C"": 0.5, ""class_weight"": ""balanced""}, ""kind"": ""logreg""}"
logreg,0.49056603773584906,0.5543508870740637,0.5048831038324284,0.6920878395333944,"{""vec"": {""max_df"": 1.0, ""min_df"": 5, ""ngram_range"": [1, 1], ""norm"": ""l2"", ""sublinear_tf"": true}, ""model"": {""C"": 0.5, ""class_weight"": ""balanced""}, ""kind"": ""logreg""}"
logreg,0.49056603773584906,0.5543508870740637,0.5048831038324284,0.6920878395333944,"{""vec"": {""max_df"": 1.0, ""min_df"": 5, ""ngram_range"": [1, 2], ""norm"": ""l2"", ""sublinear_tf"": true}, ""model"": {""C"": 0.5, ""class_weight"": ""balanced""}, ""kind"": ""logreg""}"
logreg,0.49056603773584906,0.5543508870740637,0.5048831038324284,0.6920878395333944,"{""vec"": {""max_df"": 1.0, ""min_df"": 5, ""ngram_range"": [1, 3], ""norm"": ""l2"", ""sublinear_tf"": true}, ""model"": {""C"": 0.5, ""class_weight"": ""balanced""}, ""kind"": ""logreg""}"
logreg,0.49056603773584906,0.554210081667136,0.5214472911066779,0.6862804887120529,"{""vec"": {""max_df"": 0.9, ""min_df"": 1, ""ngram_range"": [1, 2], ""norm"": ""l2"", ""sublinear_tf"": true}, ""model"": {""C"": 0.25, ""class_weight"": null}, ""kind"": ""logreg""}"
logreg,0.49056603773584906,0.554210081667136,0.5214472911066779,0.6862804887120529,"{""vec"": {""max_df"": 1.0, ""min_df"": 1, ""ngram_range"": [1, 2], ""norm"": ""l2"", ""sublinear_tf"": true}, ""model"": {""C"": 0.25, ""class_weight"": null}, ""kind"": ""logreg""}"
logreg,0.49056603773584906,0.5539284708532808,0.5211995103575549,0.689868157692055,"{""vec"": {""max_df"": 0.9, ""min_df"": 1, ""ngram_range"": [1, 2], ""norm"": ""l2"", ""sublinear_tf"": true}, ""model"": {""C"": 0.25, ""class_weight"": ""balanced""}, ""kind"": ""logreg""}"
logreg,0.49056603773584906,0.5539284708532808,0.5272626794636437,0.6848333003536428,"{""vec"": {""max_df"": 0.9, ""min_df"": 1, ""ngram_range"": [1, 2], ""norm"": ""l2"", ""sublinear_tf"": true}, ""model"": {""C"": 0.5, ""class_weight"": null}, ""kind"": ""logreg""}"
logreg,0.49056603773584906,0.5539284708532808,0.5211995103575549,0.689868157692055,"{""vec"": {""max_df"": 1.0, ""min_df"": 1, ""ngram_range"": [1, 2], ""norm"": ""l2"", ""sublinear_tf"": true}, ""model"": {""C"": 0.25, ""class_weight"": ""balanced""}, ""kind"": ""logreg""}"
logreg,0.49056603773584906,0.5539284708532808,0.5272626794636437,0.6848333003536428,"{""vec"": {""max_df"": 1.0, ""min_df"": 1, ""ngram_range"": [1, 2], ""norm"": ""l2"", ""sublinear_tf"": true}, ""model"": {""C"": 0.5, ""class_weight"": null}, ""kind"": ""logreg""}"
logreg,0.49056603773584906,0.5537876654463532,0.5015078667956984,0.6868245579280254,"{""vec"": {""max_df"": 0.9, ""min_df"": 5, ""ngram_range"": [1, 1], ""norm"": ""l2"", ""sublinear_tf"": true}, ""model"": {""C"": 0.25, ""class_weight"": null}, ""kind"": ""logreg""}"
logreg,0.49056603773584906,0.5537876654463532,0.5015078667956984,0.6868245579280254,"{""vec"": {""max_df"": 0.9, ""min_df"": 5, ""ngram_range"": [1, 2], ""norm"": ""l2"", ""sublinear_tf"": true}, ""model"": {""C"": 0.25, ""class_weight"": null}, ""kind"": ""logreg""}"
logreg,0.49056603773584906,0.5537876654463532,0.5015078667956984,0.6868245579280254,"{""vec"": {""max_df"": 0.9, ""min_df"": 5, ""ngram_range"": [1, 3], ""norm"": ""l2"", ""sublinear_tf"": true}, ""model"": {""C"": 0.25, ""class_weight"": null}, ""kind"": ""logreg""}"
logreg,0.49056603773584906,0.5537876654463532,0.5015078667956984,0.6868245579280254,"{""vec"": {""max_df"": 1.0, ""min_df"": 5, ""ngram_range"": [1, 1], ""norm"": ""l2"", ""sublinear_tf"": true}, ""model"": {""C"": 0.25, ""class_weight"": null}, ""kind"": ""logreg""}"
logreg,0.49056603773584906,0.5537876654463532,0.5015078667956984,0.6868245579280254,"{""vec"": {""max_df"": 1.0, ""min_df"": 5, ""ngram_range"": [1, 2], ""norm"": ""l2"", ""sublinear_tf"": true}, ""model"": {""C"": 0.25, ""class_weight"": null}, ""kind"": ""logreg""}"
logreg,0.49056603773584906,0.5537876654463532,0.5015078667956984,0.6868245579280254,"{""vec"": {""max_df"": 1.0, ""min_df"": 5, ""ngram_range"": [1, 3], ""norm"": ""l2"", ""sublinear_tf"": true}, ""model"": {""C"": 0.25, ""class_weight"": null}, ""kind"": ""logreg""}"
logreg,0.49056603773584906,0.5536468600394255,0.5330166094930924,0.688017170097498,"{""vec"": {""max_df"": 0.9, ""min_df"": 1, ""ngram_range"": [1, 3], ""norm"": ""l2"", ""sublinear_tf"": true}, ""model"": {""C"": 1.0, ""class_weight"": ""balanced""}, ""kind"": ""logreg""}"
logreg,0.49056603773584906,0.5536468600394255,0.5330166094930924,0.688017170097498,"{""vec"": {""max_df"": 1.0, ""min_df"": 1, ""ngram_range"": [1, 3], ""norm"": ""l2"", ""sublinear_tf"": true}, ""model"": {""C"": 1.0, ""class_weight"": ""balanced""}, ""kind"": ""logreg""}"
logreg,0.49056603773584906,0.5525204167840045,0.5354135268213707,0.6873724803225209,"{""vec"": {""max_df"": 0.9, ""min_df"": 1, ""ngram_range"": [1, 3], ""norm"": ""l2"", ""sublinear_tf"": true}, ""model"": {""C"": 2.0, ""class_weight"": null}, ""kind"": ""logreg""}"
logreg,0.49056603773584906,0.5525204167840045,0.5354135268213707,0.6873724803225209,"{""vec"": {""max_df"": 1.0, ""min_df"": 1, ""ngram_range"": [1, 3], ""norm"": ""l2"", ""sublinear_tf"": true}, ""model"": {""C"": 2.0, ""class_weight"": null}, ""kind"": ""logreg""}"
logreg,0.49056603773584906,0.5522388059701493,0.5347352680964972,0.6904555392040191,"{""vec"": {""max_df"": 0.9, ""min_df"": 1, ""ngram_range"": [1, 3], ""norm"": ""l2"", ""sublinear_tf"": true}, ""model"": {""C"": 2.0, ""class_weight"": ""balanced""}, ""kind"": ""logreg""}"
logreg,0.49056603773584906,0.5522388059701493,0.5347352680964972,0.6904555392040191,"{""vec"": {""max_df"": 1.0, ""min_df"": 1, ""ngram_range"": [1, 3], ""norm"": ""l2"", ""sublinear_tf"": true}, ""model"": {""C"": 2.0, ""class_weight"": ""balanced""}, ""kind"": ""logreg""}"
logreg,0.49056603773584906,0.5497043086454521,0.5294295995429994,0.7274928757210909,"{""vec"": {""max_df"": 0.9, ""min_df"": 2, ""ngram_range"": [1, 1], ""norm"": ""l2"", ""sublinear_tf"": true}, ""model"": {""C"": 4.0, ""class_weight"": null}, ""kind"": ""logreg""}"
logreg,0.49056603773584906,0.5497043086454521,0.5294295995429994,0.7274928757210909,"{""vec"": {""max_df"": 1.0, ""min_df"": 2, ""ngram_range"": [1, 1], ""norm"": ""l2"", ""sublinear_tf"": true}, ""model"": {""C"": 4.0, ""class_weight"": null}, ""kind"": ""logreg""}"
logreg,0.49056603773584906,0.5491410870177414,0.5292518677616818,0.7314407572881999,"{""vec"": {""max_df"": 0.9, ""min_df"": 2, ""ngram_range"": [1, 1], ""norm"": ""l2"", ""sublinear_tf"": true}, ""model"": {""C"": 4.0, ""class_weight"": ""balanced""}, ""kind"": ""logreg""}"
logreg,0.49056603773584906,0.5491410870177414,0.5292518677616818,0.7314407572881999,"{""vec"": {""max_df"": 1.0, ""min_df"": 2, ""ngram_range"": [1, 1], ""norm"": ""l2"", ""sublinear_tf"": true}, ""model"": {""C"": 4.0, ""class_weight"": ""balanced""}, ""kind"": ""logreg""}"
logreg,0.4716981132075472,0.5578710222472543,0.5415448284865965,0.6891947280348144,"{""vec"": {""max_df"": 0.9, ""min_df"": 1, ""ngram_range"": [1, 2], ""norm"": ""l2"", ""sublinear_tf"": true}, ""model"": {""C"": 2.0, ""class_weight"": null}, ""kind"": ""logreg""}"
logreg,0.4716981132075472,0.5578710222472543,0.5415448284865965,0.6924433752588581,"{""vec"": {""max_df"": 0.9, ""min_df"": 1, ""ngram_range"": [1, 2], ""norm"": ""l2"", ""sublinear_tf"": true}, ""model"": {""C"": 2.0, ""class_weight"": ""balanced""}, ""kind"": ""logreg""}"
logreg,0.4716981132075472,0.5578710222472543,0.5415448284865965,0.6891947280348144,"{""vec"": {""max_df"": 1.0, ""min_df"": 1, ""ngram_range"": [1, 2], ""norm"": ""l2"", ""sublinear_tf"": true}, ""model"": {""C"": 2.0, ""class_weight"": null}, ""kind"": ""logreg""}"
logreg,0.4716981132075472,0.5578710222472543,0.5415448284865965,0.6924433752588581,"{""vec"": {""max_df"": 1.0, ""min_df"": 1, ""ngram_range"": [1, 2], ""norm"": ""l2"", ""sublinear_tf"": true}, ""model"": {""C"": 2.0, ""class_weight"": ""balanced""}, ""kind"": ""logreg""}"
logreg,0.4716981132075472,0.5570261898056885,0.5409615586584413,0.7017719757548512,"{""vec"": {""max_df"": 0.9, ""min_df"": 1, ""ngram_range"": [1, 2], ""norm"": ""l2"", ""sublinear_tf"": true}, ""model"": {""C"": 4.0, ""class_weight"": null}, ""kind"": ""logreg""}"
logreg,0.4716981132075472,0.5570261898056885,0.5409615586584413,0.70487883630167,"{""vec"": {""max_df"": 0.9, ""min_df"": 1, ""ngram_range"": [1, 2], ""norm"": ""l2"", ""sublinear_tf"": true}, ""model"": {""C"": 4.0, ""class_weight"": ""balanced""}, ""kind"": ""logreg""}"
logreg,0.4716981132075472,0.5570261898056885,0.5409615586584413,0.7017719757548512,"{""vec"": {""max_df"": 1.0, ""min_df"": 1, ""ngram_range"": [1, 2], ""norm"": ""l2"", ""sublinear_tf"": true}, ""model"": {""C"": 4.0, ""class_weight"": null}, ""kind"": ""logreg""}"
logreg,0.4716981132075472,0.5570261898056885,0.5409615586584413,0.70487883630167,"{""vec"": {""max_df"": 1.0, ""min_df"": 1, ""ngram_range"": [1, 2], ""norm"": ""l2"", ""sublinear_tf"": true}, ""model"": {""C"": 4.0, ""class_weight"": ""balanced""}, ""kind"": ""logreg""}"
logreg,0.4716981132075472,0.5533652492255703,0.5382689483901664,0.6963910301736403,"{""vec"": {""max_df"": 0.9, ""min_df"": 1, ""ngram_range"": [1, 3], ""norm"": ""l2"", ""sublinear_tf"": true}, ""model"": {""C"": 4.0, ""class_weight"": null}, ""kind"": ""logreg""}"
logreg,0.4716981132075472,0.5533652492255703,0.5382689483901664,0.6992700512081292,"{""vec"": {""max_df"": 0.9, ""min_df"": 1, ""ngram_range"": [1, 3], ""norm"": ""l2"", ""sublinear_tf"": true}, ""model"": {""C"": 4.0, ""class_weight"": ""balanced""}, ""kind"": ""logreg""}"
logreg,0.4716981132075472,0.5533652492255703,0.5382689483901664,0.6963910301736403,"{""vec"": {""max_df"": 1.0, ""min_df"": 1, ""ngram_range"": [1, 3], ""norm"": ""l2"", ""sublinear_tf"": true}, ""model"": {""C"": 4.0, ""class_weight"": null}, ""kind"": ""logreg""}"
logreg,0.4716981132075472,0.5533652492255703,0.5382689483901664,0.6992700512081292,"{""vec"": {""max_df"": 1.0, ""min_df"": 1, ""ngram_range"": [1, 3], ""norm"": ""l2"", ""sublinear_tf"": true}, ""model"": {""C"": 4.0, ""class_weight"": ""balanced""}, ""kind"": ""logreg""}"
linearsvc_cal,0.4339622641509434,0.5056322162771051,0.5089446092806973,0.6899457880103659,"{""vec"": {""max_df"": 0.9, ""min_df"": 5, ""ngram_range"": [1, 1], ""norm"": ""l2"", ""sublinear_tf"": true}, ""model"": {""C"": 2.0, ""class_weight"": null}, ""kind"": ""linearsvc_cal""}"
linearsvc_cal,0.4339622641509434,0.5056322162771051,0.5089446092806973,0.6899457880103659,"{""vec"": {""max_df"": 0.9, ""min_df"": 5, ""ngram_range"": [1, 2], ""norm"": ""l2"", ""sublinear_tf"": true}, ""model"": {""C"": 2.0, ""class_weight"": null}, ""kind"": ""linearsvc_cal""}"
linearsvc_cal,0.4339622641509434,0.5056322162771051,0.5089446092806973,0.6899457880103659,"{""vec"": {""max_df"": 0.9, ""min_df"": 5, ""ngram_range"": [1, 3], ""norm"": ""l2"", ""sublinear_tf"": true}, ""model"": {""C"": 2.0, ""class_weight"": null}, ""kind"": ""linearsvc_cal""}"
linearsvc_cal,0.4339622641509434,0.5056322162771051,0.5089446092806973,0.6899457880103659,"{""vec"": {""max_df"": 1.0, ""min_df"": 5, ""ngram_range"": [1, 1], ""norm"": ""l2"", ""sublinear_tf"": true}, ""model"": {""C"": 2.0, ""class_weight"": null}, ""kind"": ""linearsvc_cal""}"
linearsvc_cal,0.4339622641509434,0.5056322162771051,0.5089446092806973,0.6899457880103659,"{""vec"": {""max_df"": 1.0, ""min_df"": 5, ""ngram_range"": [1, 2], ""norm"": ""l2"", ""sublinear_tf"": true}, ""model"": {""C"": 2.0, ""class_weight"": null}, ""kind"": ""linearsvc_cal""}"
linearsvc_cal,0.4339622641509434,0.5056322162771051,0.5089446092806973,0.6899457880103659,"{""vec"": {""max_df"": 1.0, ""min_df"": 5, ""ngram_range"": [1, 3], ""norm"": ""l2"", ""sublinear_tf"": true}, ""model"": {""C"": 2.0, ""class_weight"": null}, ""kind"": ""linearsvc_cal""}"
linearsvc_cal,0.4339622641509434,0.5008448324415657,0.5066322717842059,0.6899620191005214,"{""vec"": {""max_df"": 0.9, ""min_df"": 5, ""ngram_range"": [1, 1], ""norm"": ""l2"", ""sublinear_tf"": true}, ""model"": {""C"": 2.0, ""class_weight"": ""balanced""}, ""kind"": ""linearsvc_cal""}"
linearsvc_cal,0.4339622641509434,0.5008448324415657,0.5066322717842059,0.6899620191005214,"{""vec"": {""max_df"": 0.9, ""min_df"": 5, ""ngram_range"": [1, 2], ""norm"": ""l2"", ""sublinear_tf"": true}, ""model"": {""C"": 2.0, ""class_weight"": ""balanced""}, ""kind"": ""linearsvc_cal""}"
linearsvc_cal,0.4339622641509434,0.5008448324415657,0.5066322717842059,0.6899620191005214,"{""vec"": {""max_df"": 0.9, ""min_df"": 5, ""ngram_range"": [1, 3], ""norm"": ""l2"", ""sublinear_tf"": true}, ""model"": {""C"": 2.0, ""class_weight"": ""balanced""}, ""kind"": ""linearsvc_cal""}"
linearsvc_cal,0.4339622641509434,0.5008448324415657,0.5066322717842059,0.6899620191005214,"{""vec"": {""max_df"": 1.0, ""min_df"": 5, ""ngram_range"": [1, 1], ""norm"": ""l2"", ""sublinear_tf"": true}, ""model"": {""C"": 2.0, ""class_weight"": ""balanced""}, ""kind"": ""linearsvc_cal""}"
linearsvc_cal,0.4339622641509434,0.5008448324415657,0.5066322717842059,0.6899620191005214,"{""vec"": {""max_df"": 1.0, ""min_df"": 5, ""ngram_range"": [1, 2], ""norm"": ""l2"", ""sublinear_tf"": true}, ""model"": {""C"": 2.0, ""class_weight"": ""balanced""}, ""kind"": ""linearsvc_cal""}"
linearsvc_cal,0.4339622641509434,0.5008448324415657,0.5066322717842059,0.6899620191005214,"{""vec"": {""max_df"": 1.0, ""min_df"": 5, ""ngram_range"": [1, 3], ""norm"": ""l2"", ""sublinear_tf"": true}, ""model"": {""C"": 2.0, ""class_weight"": ""balanced""}, ""kind"": ""linearsvc_cal""}"
linearsvc_cal,0.4339622641509434,0.4831033511686849,0.4914581343849837,0.6907015951437481,"{""vec"": {""max_df"": 0.9, ""min_df"": 5, ""ngram_range"": [1, 1], ""norm"": ""l2"", ""sublinear_tf"": true}, ""model"": {""C"": 1.0, ""class_weight"": ""balanced""}, ""kind"": ""linearsvc_cal""}"
linearsvc_cal,0.4339622641509434,0.4831033511686849,0.4914581343849837,0.6907015951437481,"{""vec"": {""max_df"": 0.9, ""min_df"": 5, ""ngram_range"": [1, 2], ""norm"": ""l2"", ""sublinear_tf"": true}, ""model"": {""C"": 1.0, ""class_weight"": ""balanced""}, ""kind"": ""linearsvc_cal""}"
linearsvc_cal,0.4339622641509434,0.4831033511686849,0.4914581343849837,0.6907015951437481,"{""vec"": {""max_df"": 0.9, ""min_df"": 5, ""ngram_range"": [1, 3], ""norm"": ""l2"", ""sublinear_tf"": true}, ""model"": {""C"": 1.0, ""class_weight"": ""balanced""}, ""kind"": ""linearsvc_cal""}"
linearsvc_cal,0.4339622641509434,0.4831033511686849,0.4914581343849837,0.6907015951437481,"{""vec"": {""max_df"": 1.0, ""min_df"": 5, ""ngram_range"": [1, 1], ""norm"": ""l2"", ""sublinear_tf"": true}, ""model"": {""C"": 1.0, ""class_weight"": ""balanced""}, ""kind"": ""linearsvc_cal""}"
linearsvc_cal,0.4339622641509434,0.4831033511686849,0.4914581343849837,0.6907015951437481,"{""vec"": {""max_df"": 1.0, ""min_df"": 5, ""ngram_range"": [1, 2], ""norm"": ""l2"", ""sublinear_tf"": true}, ""model"": {""C"": 1.0, ""class_weight"": ""balanced""}, ""kind"": ""linearsvc_cal""}"
linearsvc_cal,0.4339622641509434,0.4831033511686849,0.4914581343849837,0.6907015951437481,"{""vec"": {""max_df"": 1.0, ""min_df"": 5, ""ngram_range"": [1, 3], ""norm"": ""l2"", ""sublinear_tf"": true}, ""model"": {""C"": 1.0, ""class_weight"": ""balanced""}, ""kind"": ""linearsvc_cal""}"
linearsvc_cal,0.4339622641509434,0.48225851872711917,0.47706568585446385,0.6912511847860228,"{""vec"": {""max_df"": 0.9, ""min_df"": 5, ""ngram_range"": [1, 1], ""norm"": ""l2"", ""sublinear_tf"": true}, ""model"": {""C"": 0.5, ""class_weight"": null}, ""kind"": ""linearsvc_cal""}"
linearsvc_cal,0.4339622641509434,0.48225851872711917,0.47706568585446385,0.6912511847860228,"{""vec"": {""max_df"": 0.9, ""min_df"": 5, ""ngram_range"": [1, 2], ""norm"": ""l2"", ""sublinear_tf"": true}, ""model"": {""C"": 0.5, ""class_weight"": null}, ""kind"": ""linearsvc_cal""}"
linearsvc_cal,0.4339622641509434,0.48225851872711917,0.47706568585446385,0.6912511847860228,"{""vec"": {""max_df"": 0.9, ""min_df"": 5, ""ngram_range"": [1, 3], ""norm"": ""l2"", ""sublinear_tf"": true}, ""model"": {""C"": 0.5, ""class_weight"": null}, ""kind"": ""linearsvc_cal""}"
linearsvc_cal,0.4339622641509434,0.48225851872711917,0.47706568585446385,0.6912511847860228,"{""vec"": {""max_df"": 1.0, ""min_df"": 5, ""ngram_range"": [1, 1], ""norm"": ""l2"", ""sublinear_tf"": true}, ""model"": {""C"": 0.5, ""class_weight"": null}, ""kind"": ""linearsvc_cal""}"
linearsvc_cal,0.4339622641509434,0.48225851872711917,0.47706568585446385,0.6912511847860228,"{""vec"": {""max_df"": 1.0, ""min_df"": 5, ""ngram_range"": [1, 2], ""norm"": ""l2"", ""sublinear_tf"": true}, ""model"": {""C"": 0.5, ""class_weight"": null}, ""kind"": ""linearsvc_cal""}"
linearsvc_cal,0.4339622641509434,0.48225851872711917,0.47706568585446385,0.6912511847860228,"{""vec"": {""max_df"": 1.0, ""min_df"": 5, ""ngram_range"": [1, 3], ""norm"": ""l2"", ""sublinear_tf"": true}, ""model"": {""C"": 0.5, ""class_weight"": null}, ""kind"": ""linearsvc_cal""}"
linearsvc_cal,0.4339622641509434,0.48197690791326386,0.48121877342869934,0.6912526706930959,"{""vec"": {""max_df"": 0.9, ""min_df"": 5, ""ngram_range"": [1, 1], ""norm"": ""l2"", ""sublinear_tf"": true}, ""model"": {""C"": 0.5, ""class_weight"": ""balanced""}, ""kind"": ""linearsvc_cal""}"
linearsvc_cal,0.4339622641509434,0.48197690791326386,0.48121877342869934,0.6912526706930959,"{""vec"": {""max_df"": 0.9, ""min_df"": 5, ""ngram_range"": [1, 2], ""norm"": ""l2"", ""sublinear_tf"": true}, ""model"": {""C"": 0.5, ""class_weight"": ""balanced""}, ""kind"": ""linearsvc_cal""}"
linearsvc_cal,0.4339622641509434,0.48197690791326386,0.48121877342869934,0.6912526706930959,"{""vec"": {""max_df"": 0.9, ""min_df"": 5, ""ngram_range"": [1, 3], ""norm"": ""l2"", ""sublinear_tf"": true}, ""model"": {""C"": 0.5, ""class_weight"": ""balanced""}, ""kind"": ""linearsvc_cal""}"
linearsvc_cal,0.4339622641509434,0.48197690791326386,0.48121877342869934,0.6912526706930959,"{""vec"": {""max_df"": 1.0, ""min_df"": 5, ""ngram_range"": [1, 1], ""norm"": ""l2"", ""sublinear_tf"": true}, ""model"": {""C"": 0.5, ""class_weight"": ""balanced""}, ""kind"": ""linearsvc_cal""}"
linearsvc_cal,0.4339622641509434,0.48197690791326386,0.48121877342869934,0.6912526706930959,"{""vec"": {""max_df"": 1.0, ""min_df"": 5, ""ngram_range"": [1, 2], ""norm"": ""l2"", ""sublinear_tf"": true}, ""model"": {""C"": 0.5, ""class_weight"": ""balanced""}, ""kind"": ""linearsvc_cal""}"
linearsvc_cal,0.4339622641509434,0.48197690791326386,0.48121877342869934,0.6912526706930959,"{""vec"": {""max_df"": 1.0, ""min_df"": 5, ""ngram_range"": [1, 3], ""norm"": ""l2"", ""sublinear_tf"": true}, ""model"": {""C"": 0.5, ""class_weight"": ""balanced""}, ""kind"": ""linearsvc_cal""}"
linearsvc_cal,0.4339622641509434,0.47690791326386933,0.46224000277247634,0.6916096084636023,"{""vec"": {""max_df"": 0.9, ""min_df"": 5, ""ngram_range"": [1, 1], ""norm"": ""l2"", ""sublinear_tf"": true}, ""model"": {""C"": 0.25, ""class_weight"": ""balanced""}, ""kind"": ""linearsvc_cal""}"
linearsvc_cal,0.4339622641509434,0.47690791326386933,0.46224000277247634,0.6916096084636023,"{""vec"": {""max_df"": 0.9, ""min_df"": 5, ""ngram_range"": [1, 2], ""norm"": ""l2"", ""sublinear_tf"": true}, ""model"": {""C"": 0.25, ""class_weight"": ""balanced""}, ""kind"": ""linearsvc_cal""}"
linearsvc_cal,0.4339622641509434,0.47690791326386933,0.46224000277247634,0.6916096084636023,"{""vec"": {""max_df"": 0.9, ""min_df"": 5, ""ngram_range"": [1, 3], ""norm"": ""l2"", ""sublinear_tf"": true}, ""model"": {""C"": 0.25, ""class_weight"": ""balanced""}, ""kind"": ""linearsvc_cal""}"
linearsvc_cal,0.4339622641509434,0.47690791326386933,0.46224000277247634,0.6916096084636023,"{""vec"": {""max_df"": 1.0, ""min_df"": 5, ""ngram_range"": [1, 1], ""norm"": ""l2"", ""sublinear_tf"": true}, ""model"": {""C"": 0.25, ""class_weight"": ""balanced""}, ""kind"": ""linearsvc_cal""}"
linearsvc_cal,0.4339622641509434,0.47690791326386933,0.46224000277247634,0.6916096084636023,"{""vec"": {""max_df"": 1.0, ""min_df"": 5, ""ngram_range"": [1, 2], ""norm"": ""l2"", ""sublinear_tf"": true}, ""model"": {""C"": 0.25, ""class_weight"": ""balanced""}, ""kind"": ""linearsvc_cal""}"
linearsvc_cal,0.4339622641509434,0.47690791326386933,0.46224000277247634,0.6916096084636023,"{""vec"": {""max_df"": 1.0, ""min_df"": 5, ""ngram_range"": [1, 3], ""norm"": ""l2"", ""sublinear_tf"": true}, ""model"": {""C"": 0.25, ""class_weight"": ""balanced""}, ""kind"": ""linearsvc_cal""}"
linearsvc_cal,0.4339622641509434,0.47606308082230353,0.4629506459769317,0.6916042760464158,"{""vec"": {""max_df"": 0.9, ""min_df"": 5, ""ngram_range"": [1, 1], ""norm"": ""l2"", ""sublinear_tf"": true}, ""model"": {""C"": 0.25, ""class_weight"": null}, ""kind"": ""linearsvc_cal""}"
linearsvc_cal,0.4339622641509434,0.47606308082230353,0.4629506459769317,0.6916042760464158,"{""vec"": {""max_df"": 0.9, ""min_df"": 5, ""ngram_range"": [1, 2], ""norm"": ""l2"", ""sublinear_tf"": true}, ""model"": {""C"": 0.25, ""class_weight"": null}, ""kind"": ""linearsvc_cal""}"
linearsvc_cal,0.4339622641509434,0.47606308082230353,0.4629506459769317,0.6916042760464158,"{""vec"": {""max_df"": 0.9, ""min_df"": 5, ""ngram_range"": [1, 3], ""norm"": ""l2"", ""sublinear_tf"": true}, ""model"": {""C"": 0.25, ""class_weight"": null}, ""kind"": ""linearsvc_cal""}"
linearsvc_cal,0.4339622641509434,0.47606308082230353,0.4629506459769317,0.6916042760464158,"{""vec"": {""max_df"": 1.0, ""min_df"": 5, ""ngram_range"": [1, 1], ""norm"": ""l2"", ""sublinear_tf"": true}, ""model"": {""C"": 0.25, ""class_weight"": null}, ""kind"": ""linearsvc_cal""}"
linearsvc_cal,0.4339622641509434,0.47606308082230353,0.4629506459769317,0.6916042760464158,"{""vec"": {""max_df"": 1.0, ""min_df"": 5, ""ngram_range"": [1, 2], ""norm"": ""l2"", ""sublinear_tf"": true}, ""model"": {""C"": 0.25, ""class_weight"": null}, ""kind"": ""linearsvc_cal""}"
linearsvc_cal,0.4339622641509434,0.47606308082230353,0.4629506459769317,0.6916042760464158,"{""vec"": {""max_df"": 1.0, ""min_df"": 5, ""ngram_range"": [1, 3], ""norm"": ""l2"", ""sublinear_tf"": true}, ""model"": {""C"": 0.25, ""class_weight"": null}, ""kind"": ""linearsvc_cal""}"
linearsvc_cal,0.41509433962264153,0.48141368628555337,0.4905104217158581,0.690688113071798,"{""vec"": {""max_df"": 0.9, ""min_df"": 5, ""ngram_range"": [1, 1], ""norm"": ""l2"", ""sublinear_tf"": true}, ""model"": {""C"": 1.0, ""class_weight"": null}, ""kind"": ""linearsvc_cal""}"
linearsvc_cal,0.41509433962264153,0.48141368628555337,0.4905104217158581,0.690688113071798,"{""vec"": {""max_df"": 0.9, ""min_df"": 5, ""ngram_range"": [1, 2], ""norm"": ""l2"", ""sublinear_tf"": true}, ""model"": {""C"": 1.0, ""class_weight"": null}, ""kind"": ""linearsvc_cal""}"
linearsvc_cal,0.41509433962264153,0.48141368628555337,0.4905104217158581,0.690688113071798,"{""vec"": {""max_df"": 0.9, ""min_df"": 5, ""ngram_range"": [1, 3], ""norm"": ""l2"", ""sublinear_tf"": true}, ""model"": {""C"": 1.0, ""class_weight"": null}, ""kind"": ""linearsvc_cal""}"
linearsvc_cal,0.41509433962264153,0.48141368628555337,0.4905104217158581,0.690688113071798,"{""vec"": {""max_df"": 1.0, ""min_df"": 5, ""ngram_range"": [1, 1], ""norm"": ""l2"", ""sublinear_tf"": true}, ""model"": {""C"": 1.0, ""class_weight"": null}, ""kind"": ""linearsvc_cal""}"
linearsvc_cal,0.41509433962264153,0.48141368628555337,0.4905104217158581,0.690688113071798,"{""vec"": {""max_df"": 1.0, ""min_df"": 5, ""ngram_range"": [1, 2], ""norm"": ""l2"", ""sublinear_tf"": true}, ""model"": {""C"": 1.0, ""class_weight"": null}, ""kind"": ""linearsvc_cal""}"
linearsvc_cal,0.41509433962264153,0.48141368628555337,0.4905104217158581,0.690688113071798,"{""vec"": {""max_df"": 1.0, ""min_df"": 5, ""ngram_range"": [1, 3], ""norm"": ""l2"", ""sublinear_tf"": true}, ""model"": {""C"": 1.0, ""class_weight"": null}, ""kind"": ""linearsvc_cal""}"
