station_id,lat,lon,pressure_dbar,temperature_c,salinity_psu
ST0,-19.7649,41.4093,0,27.886588928471216,35.08565918710548
ST0,-19.7649,41.4093,10,25.917789035093403,35.13199106532832
ST0,-19.7649,41.4093,20,24.203507747461988,35.1781994250995
ST0,-19.7649,41.4093,30,22.73719253180187,35.15149775749818
ST0,-19.7649,41.4093,40,20.91331046387928,35.21130327731423
ST0,-19.7649,41.4093,50,19.559415928142712,35.227117939271366
ST0,-19.7649,41.4093,60,18.583851190392622,35.30189667024029
ST0,-19.7649,41.4093,70,17.349060351823752,35.30480108873488
ST0,-19.7649,41.4093,80,16.014926332810543,35.321717933738086
ST0,-19.7649,41.4093,90,15.103313096067014,35.348619450701236
ST0,-19.7649,41.4093,100,14.156096834317687,35.41402191064916
ST0,-19.7649,41.4093,110,13.186039058529722,35.40447446054386
ST0,-19.7649,41.4093,120,12.322786237788707,35.4228875790374
ST0,-19.7649,41.4093,130,11.73046859148695,35.4668010022343
ST0,-19.7649,41.4093,140,11.045603721122323,35.471779397920606
ST0,-19.7649,41.4093,150,10.322536863361023,35.54744782596385
ST0,-19.7649,41.4093,160,9.715436191040824,35.506775620838226
ST0,-19.7649,41.4093,170,9.29633994937612,35.478661401028816
ST0,-19.7649,41.4093,180,8.85644124819621,35.4894771379719
ST0,-19.7649,41.4093,190,8.422087680127952,35.45079870960796
ST0,-19.7649,41.4093,200,7.870043552916267,35.43723745343819
ST0,-19.7649,41.4093,210,7.504317076827075,35.424538795054
ST0,-19.7649,41.4093,220,7.340365580843426,35.39230323052385
ST0,-19.7649,41.4093,230,6.790523730338504,35.349541809389436
ST0,-19.7649,41.4093,240,6.627935711026734,35.36150226395937
ST0,-19.7649,41.4093,250,6.581554172096003,35.31988605712556
ST0,-19.7649,41.4093,260,6.22631635076042,35.34367119958071
ST0,-19.7649,41.4093,270,6.047559347934348,35.2685149089722
ST0,-19.7649,41.4093,280,5.934404513873526,35.260737128670286
ST0,-19.7649,41.4093,290,5.834379986372741,35.221163671315864
ST0,-19.7649,41.4093,300,5.652326195241911,35.20369655429992
ST0,-19.7649,41.4093,310,5.4945457320768085,35.22678607375969
ST0,-19.7649,41.4093,320,5.405269340203325,35.16411581289786
ST0,-19.7649,41.4093,330,5.3641941852314226,35.135077578173956
ST0,-19.7649,41.4093,340,5.344558066418543,35.16832034296153
ST0,-19.7649,41.4093,350,5.126125125853047,35.1421206693292
ST0,-19.7649,41.4093,360,4.924164652703904,35.092032702102614
ST0,-19.7649,41.4093,370,5.073456708677906,35.082360881900726
ST0,-19.7649,41.4093,380,5.087012521776922,35.02324870354532
ST0,-19.7649,41.4093,390,4.959720588140934,35.044611498623205
ST0,-19.7649,41.4093,400,4.962559331363881,35.03402999212851
ST0,-19.7649,41.4093,410,4.7231530169319305,34.99085082892852
ST0,-19.7649,41.4093,420,4.610434873017431,34.9988820256449
ST0,-19.7649,41.4093,430,4.656989905518408,34.94839514545773
ST0,-19.7649,41.4093,440,4.4505764837713535,34.936918219088625
ST0,-19.7649,41.4093,450,4.281966573915819,34.90356948691242
ST0,-19.7649,41.4093,460,4.4084493425491935,34.877068324821394
ST0,-19.7649,41.4093,470,4.371737031307526,34.835306235536244
ST0,-19.7649,41.4093,480,4.40855723312677,34.80197815233821
ST0,-19.7649,41.4093,490,4.2478013761575175,34.814665521346605
ST0,-19.7649,41.4093,500,4.108176981495732,34.82198431150569
ST0,-19.7649,41.4093,510,4.128977088722632,34.77021930311712
ST0,-19.7649,41.4093,520,4.172506686459922,34.75693674281219
ST0,-19.7649,41.4093,530,4.024009922553354,34.776888222809255
ST0,-19.7649,41.4093,540,4.210386026409945,34.756075300446206
ST0,-19.7649,41.4093,550,4.1699466891195485,34.721643443275184
ST0,-19.7649,41.4093,560,4.052573373657599,34.69792457495017
ST0,-19.7649,41.4093,570,4.090481053588563,34.66768014044447
ST0,-19.7649,41.4093,580,4.012929727356042,34.662248304018824
ST0,-19.7649,41.4093,590,3.9812473220811024,34.634463719613706
ST0,-19.7649,41.4093,600,4.397600783186516,34.62611243253693
ST0,-19.7649,41.4093,610,4.008151490783016,34.618366423040435
ST0,-19.7649,41.4093,620,4.022261408414252,34.608824691188204
ST0,-19.7649,41.4093,630,4.060743100315061,34.620923077417714
ST0,-19.7649,41.4093,640,4.2857172972123365,34.63010751213826
ST0,-19.7649,41.4093,650,4.087234007997254,34.62323063541285
ST0,-19.7649,41.4093,660,4.341925055093867,34.6167200919961
ST0,-19.7649,41.4093,670,4.185540174863224,34.61435825116614
ST0,-19.7649,41.4093,680,4.051168226766663,34.60338586181233
ST0,-19.7649,41.4093,690,3.812464273225059,34.63539463410655
ST0,-19.7649,41.4093,700,3.8029523229086486,34.640313185396174
ST0,-19.7649,41.4093,710,4.12394922889507,34.6378487360985
ST0,-19.7649,41.4093,720,4.087204349974712,34.61339326721258
ST0,-19.7649,41.4093,730,4.145702549918234,34.6393156283927
ST0,-19.7649,41.4093,740,4.089527067162242,34.64883978862793
ST0,-19.7649,41.4093,750,4.121457062960663,34.61746940745181
ST0,-19.7649,41.4093,760,4.176122727592732,34.62499885597132
ST0,-19.7649,41.4093,770,3.9716338680440066,34.62449588570407
ST0,-19.7649,41.4093,780,4.181837692938012,34.64187234202296
ST0,-19.7649,41.4093,790,4.091040981957805,34.63575262000051
ST0,-19.7649,41.4093,800,3.7607276091562114,34.63938686265848
ST0,-19.7649,41.4093,810,4.094522070731287,34.64897550834704
ST0,-19.7649,41.4093,820,4.056310386400387,34.64960673333093
ST0,-19.7649,41.4093,830,4.102954903062823,34.651627071749786
ST0,-19.7649,41.4093,840,3.8251508638348137,34.63374121389923
ST0,-19.7649,41.4093,850,4.076751262691899,34.66181642994909
ST0,-19.7649,41.4093,860,4.007782185718026,34.662281262902205
ST0,-19.7649,41.4093,870,3.855803317390306,34.62274322851904
ST0,-19.7649,41.4093,880,4.185110168623713,34.69942608731349
ST0,-19.7649,41.4093,890,3.9939813750387754,34.690283720806946
ST0,-19.7649,41.4093,900,3.992407933457313,34.69110466824735
ST0,-19.7649,41.4093,910,3.9619717066755498,34.67767339643747
ST0,-19.7649,41.4093,920,4.009193645104275,34.63048899748044
ST0,-19.7649,41.4093,930,4.150129168955193,34.636990502578065
ST0,-19.7649,41.4093,940,3.96035079158372,34.704200459422154
ST0,-19.7649,41.4093,950,4.1009065472417605,34.64649074391027
ST0,-19.7649,41.4093,960,3.910949050455487,34.681281009613826
ST0,-19.7649,41.4093,970,4.084617837357625,34.679316572535136
ST0,-19.7649,41.4093,980,3.821227223289084,34.687747926962786
ST0,-19.7649,41.4093,990,4.079983924714245,34.69322383676392
ST0,-19.7649,41.4093,1000,3.9728009686416628,34.693373216697346
ST0,-19.7649,41.4093,1010,4.0541108243187205,34.70393601416602
ST0,-19.7649,41.4093,1020,3.9255128082745396,34.69421166335307
ST0,-19.7649,41.4093,1030,3.9974693320332757,34.7105779731514
ST0,-19.7649,41.4093,1040,3.929285096725401,34.66898291564588
ST1,-19.9328,40.9874,0,27.92542414463144,35.10203505880983
ST1,-19.9328,40.9874,10,26.031830114654472,35.13865643047061
ST1,-19.9328,40.9874,20,24.32545680704482,35.15539777542225
ST1,-19.9328,40.9874,30,22.628581524990206,35.16154243350518
ST1,-19.9328,40.9874,40,21.157492548399965,35.21415356719887
ST1,-19.9328,40.9874,50,19.613724933443876,35.26480535808563
ST1,-19.9328,40.9874,60,18.342367534375423,35.278789574857186
ST1,-19.9328,40.9874,70,17.21256605524914,35.28895137429282
ST1,-19.9328,40.9874,80,16.181864806159304,35.28663447262021
ST1,-19.9328,40.9874,90,15.05158191636093,35.364327504807356
ST1,-19.9328,40.9874,100,14.287083864364494,35.407222688310256
ST1,-19.9328,40.9874,110,13.2414640010248,35.38911665234514
ST1,-19.9328,40.9874,120,12.665400153774671,35.45864971713828
ST1,-19.9328,40.9874,130,11.83612782467338,35.500396456986635
ST1,-19.9328,40.9874,140,10.967957028046708,35.514940249558364
ST1,-19.9328,40.9874,150,10.42668537354654,35.523488344284466
ST1,-19.9328,40.9874,160,9.725040694672261,35.519712630771345
ST1,-19.9328,40.9874,170,9.231237162809741,35.494169752615875
ST1,-19.9328,40.9874,180,8.857091889149626,35.5120342013879
ST1,-19.9328,40.9874,190,8.115885307110423,35.42714201905043
ST1,-19.9328,40.9874,200,7.877779692916533,35.41598329074193
ST1,-19.9328,40.9874,210,7.634047432103936,35.43011715357303
ST1,-19.9328,40.9874,220,7.2972901371882095,35.38966662930753
ST1,-19.9328,40.9874,230,6.886558068084368,35.340244659646295
ST1,-19.9328,40.9874,240,6.716471968452205,35.31905335459092
ST1,-19.9328,40.9874,250,6.5725732250385285,35.296849566535926
ST1,-19.9328,40.9874,260,6.1996881029614705,35.29116854118011
ST1,-19.9328,40.9874,270,6.204937492006239,35.287569504922125
ST1,-19.9328,40.9874,280,6.005195590259919,35.2406825781566
ST1,-19.9328,40.9874,290,5.693191902174877,35.23182429746395
ST1,-19.9328,40.9874,300,5.731965925381353,35.26336165904355
ST1,-19.9328,40.9874,310,5.525489353570207,35.21386819231095
ST1,-19.9328,40.9874,320,5.424519087859052,35.15356822574846
ST1,-19.9328,40.9874,330,5.297891144811796,35.13198246239518
ST1,-19.9328,40.9874,340,5.258044964650489,35.1630921753143
ST1,-19.9328,40.9874,350,5.042298126074955,35.133066366010034
ST1,-19.9328,40.9874,360,5.164364420276277,35.11185770279105
ST1,-19.9328,40.9874,370,5.08348433983178,35.10644993290456
ST1,-19.9328,40.9874,380,4.848695134069256,35.04027839097821
ST1,-19.9328,40.9874,390,4.914811778719617,35.03165789863525
ST1,-19.9328,40.9874,400,4.881982185933759,34.99823635928807
ST1,-19.9328,40.9874,410,4.628447039827245,34.99287328058144
ST1,-19.9328,40.9874,420,4.696497000295861,34.95509005952338
ST1,-19.9328,40.9874,430,4.670616623581106,34.926813337897705
ST1,-19.9328,40.9874,440,4.49709441960176,34.89910487921111
ST1,-19.9328,40.9874,450,4.45813166598297,34.91575457623755
ST1,-19.9328,40.9874,460,4.439938641058666,34.885580059566315
ST1,-19.9328,40.9874,470,4.262904465771936,34.87087061858748
ST1,-19.9328,40.9874,480,4.270258237927322,34.85738443292776
ST1,-19.9328,40.9874,490,4.332125711326014,34.84039658297987
ST1,-19.9328,40.9874,500,4.343160780278523,34.82681087671118
ST1,-19.9328,40.9874,510,4.114716171458503,34.7926144960277
ST1,-19.9328,40.9874,520,4.060715515262561,34.770681540765196
ST1,-19.9328,40.9874,530,3.9470858714980217,34.72534313950726
ST1,-19.9328,40.9874,540,4.209480416931251,34.74152227731341
ST1,-19.9328,40.9874,550,4.101544235001772,34.7165283855417
ST1,-19.9328,40.9874,560,4.141097609652344,34.71573579484981
ST1,-19.9328,40.9874,570,3.9291307472397543,34.65272160163258
ST1,-19.9328,40.9874,580,3.985059992032857,34.61062832578423
ST1,-19.9328,40.9874,590,4.0888659867698935,34.606201931264685
ST1,-19.9328,40.9874,600,4.027050713472802,34.603092176800935
ST1,-19.9328,40.9874,610,4.18941997163088,34.592149142323315
ST1,-19.9328,40.9874,620,4.105524531805871,34.59190051094129
ST1,-19.9328,40.9874,630,3.9197847246962834,34.57687008525515
ST1,-19.9328,40.9874,640,4.113066129548952,34.59183862860024
ST1,-19.9328,40.9874,650,4.040807945466357,34.63495871613444
ST1,-19.9328,40.9874,660,4.087063182015937,34.64036955671249
ST1,-19.9328,40.9874,670,4.044907510820224,34.60237551674375
ST1,-19.9328,40.9874,680,3.96256397561548,34.63553091160769
ST1,-19.9328,40.9874,690,3.975314020309839,34.62304631207961
ST1,-19.9328,40.9874,700,4.181337154646521,34.63833827385553
ST1,-19.9328,40.9874,710,4.264117886166634,34.657066876711276
ST1,-19.9328,40.9874,720,4.082337091683217,34.66841491996216
ST1,-19.9328,40.9874,730,3.98686105394701,34.6158344086483
ST1,-19.9328,40.9874,740,4.041296280188825,34.64025589243703
ST1,-19.9328,40.9874,750,4.024358655121071,34.63622483079341
ST1,-19.9328,40.9874,760,4.016442526367247,34.66641909172672
ST1,-19.9328,40.9874,770,4.058591718079721,34.634513713252204
ST1,-19.9328,40.9874,780,4.110771026032575,34.64471124115769
ST1,-19.9328,40.9874,790,3.9494402224596548,34.652600907162004
ST1,-19.9328,40.9874,800,4.117791145121613,34.64228024235514
ST1,-19.9328,40.9874,810,4.170582794544632,34.643465889790534
ST1,-19.9328,40.9874,820,4.04546659172938,34.62716593754965
ST1,-19.9328,40.9874,830,4.073356053545551,34.66122712232407
ST1,-19.9328,40.9874,840,3.9915321625091273,34.65799985361624
ST1,-19.9328,40.9874,850,3.9137243678856533,34.64865713770118
ST1,-19.9328,40.9874,860,4.0536621268862,34.66685249288232
ST1,-19.9328,40.9874,870,4.038228119367548,34.6566281737185
ST1,-19.9328,40.9874,880,3.9500305317225233,34.664015586509485
ST1,-19.9328,40.9874,890,4.037425247782658,34.69282052477073
ST1,-19.9328,40.9874,900,4.05504638381008,34.697062068756885
ST1,-19.9328,40.9874,910,4.210606584904448,34.71676520657524
ST1,-19.9328,40.9874,920,3.9096817752386106,34.670629774847626
ST1,-19.9328,40.9874,930,4.016849193329679,34.6839654712413
ST1,-19.9328,40.9874,940,4.047669980430048,34.67027749920309
ST1,-19.9328,40.9874,950,3.9040870224089645,34.73055912783803
ST1,-19.9328,40.9874,960,3.9316010415484937,34.68852862132045
ST1,-19.9328,40.9874,970,4.013313539758776,34.71569820513171
ST1,-19.9328,40.9874,980,3.9012794900426715,34.69340864596948
ST1,-19.9328,40.9874,990,4.042513570452884,34.690828850259656
ST1,-19.9328,40.9874,1000,3.898448844808368,34.68832343815277
ST1,-19.9328,40.9874,1010,4.146087397427367,34.73692666898448
ST1,-19.9328,40.9874,1020,4.002030229454155,34.69125043082063
ST1,-19.9328,40.9874,1030,3.955235542258821,34.7076038172116
ST1,-19.9328,40.9874,1040,4.072192546065185,34.71433628018877
ST2,-18.3183,41.8248,0,27.93295510493932,35.123321614352506
ST2,-18.3183,41.8248,10,26.268967620056547,35.1339105175266
ST2,-18.3183,41.8248,20,24.217013733954122,35.18286757452806
ST2,-18.3183,41.8248,30,22.66525210524765,35.18574510339377
ST2,-18.3183,41.8248,40,21.20698080366055,35.224103929713046
ST2,-18.3183,41.8248,50,19.883118613891767,35.23609594507901
ST2,-18.3183,41.8248,60,18.477869701551445,35.2644115398007
ST2,-18.3183,41.8248,70,17.031451751784196,35.307562247721414
ST2,-18.3183,41.8248,80,16.108853035320767,35.31260453384739
ST2,-18.3183,41.8248,90,15.121965306817303,35.36534281049117
ST2,-18.3183,41.8248,100,14.228127286895804,35.402872454254755
ST2,-18.3183,41.8248,110,13.279413133475899,35.41483247195652
ST2,-18.3183,41.8248,120,12.465740445497238,35.444916562227974
ST2,-18.3183,41.8248,130,11.789672017714226,35.45874346700131
ST2,-18.3183,41.8248,140,11.066761584749875,35.47902036771475
ST2,-18.3183,41.8248,150,10.21007252043942,35.59912177142002
ST2,-18.3183,41.8248,160,9.776028672669401,35.50760242146898
ST2,-18.3183,41.8248,170,9.388458323476605,35.49354407113012
ST2,-18.3183,41.8248,180,8.7702790400211,35.44539446796268
ST2,-18.3183,41.8248,190,8.521237729833398,35.4249401540246
ST2,-18.3183,41.8248,200,7.8291704104160456,35.42953097928848
ST2,-18.3183,41.8248,210,7.599352596558774,35.37302794281629
ST2,-18.3183,41.8248,220,7.104418002020378,35.387133892714644
ST2,-18.3183,41.8248,230,6.914234668105036,35.374222575456415
ST2,-18.3183,41.8248,240,6.703419864123223,35.33800958826241
ST2,-18.3183,41.8248,250,6.4387753754545045,35.311353140943936
ST2,-18.3183,41.8248,260,6.094803288055189,35.277466109911025
ST2,-18.3183,41.8248,270,6.06323053221691,35.2823218808762
ST2,-18.3183,41.8248,280,5.976668201624347,35.28281674916515
ST2,-18.3183,41.8248,290,5.618801782132842,35.288730899256755
ST2,-18.3183,41.8248,300,5.539015536240959,35.20496735615821
ST2,-18.3183,41.8248,310,5.522056126978118,35.22222399842747
ST2,-18.3183,41.8248,320,5.3540761681910345,35.161721555771244
ST2,-18.3183,41.8248,330,5.318331868491789,35.156499946737114
ST2,-18.3183,41.8248,340,5.388548473542265,35.15534640065726
ST2,-18.3183,41.8248,350,5.187403232950501,35.097856002262226
ST2,-18.3183,41.8248,360,5.258163844626475,35.10435995383498
ST2,-18.3183,41.8248,370,4.870972024266326,35.10436114712748
ST2,-18.3183,41.8248,380,4.866390678564086,35.06886325597318
ST2,-18.3183,41.8248,390,4.857805302565974,35.03574431854528
ST2,-18.3183,41.8248,400,4.876409165245196,34.990056546172106
ST2,-18.3183,41.8248,410,4.571627103002745,34.99620589656968
ST2,-18.3183,41.8248,420,4.767878573302128,34.974487570711624
ST2,-18.3183,41.8248,430,4.559086259914091,34.982088801508645
ST2,-18.3183,41.8248,440,4.637785945680569,34.92623620987632
ST2,-18.3183,41.8248,450,4.496944806925491,34.921015907217765
ST2,-18.3183,41.8248,460,4.714255849202685,34.900369960921395
ST2,-18.3183,41.8248,470,4.370795166976688,34.867950853234014
ST2,-18.3183,41.8248,480,4.236116426152653,34.879339944299986
ST2,-18.3183,41.8248,490,4.119033842709139,34.83758025906266
ST2,-18.3183,41.8248,500,4.203009685919367,34.8223664157843
ST2,-18.3183,41.8248,510,4.2892613173040335,34.78432549013305
ST2,-18.3183,41.8248,520,4.0858215993734,34.80666862328344
ST2,-18.3183,41.8248,530,4.13606769664995,34.7445061836743
ST2,-18.3183,41.8248,540,4.246500703266189,34.714163907199826
ST2,-18.3183,41.8248,550,4.1888782750226685,34.69733765795555
ST2,-18.3183,41.8248,560,4.07748821404182,34.687117645683074
ST2,-18.3183,41.8248,570,4.089417601286598,34.64965931569106
ST2,-18.3183,41.8248,580,4.0997778608616615,34.621508514838936
ST2,-18.3183,41.8248,590,4.071003537701049,34.60019281098852
ST2,-18.3183,41.8248,600,4.067976386353629,34.587874499701805
ST2,-18.3183,41.8248,610,4.051691493355077,34.59580600093107
ST2,-18.3183,41.8248,620,4.148698154848948,34.645726114614995
ST2,-18.3183,41.8248,630,3.752157778657653,34.63729331975376
ST2,-18.3183,41.8248,640,4.23651709011638,34.6418124168879
ST2,-18.3183,41.8248,650,4.1182496517481635,34.618743928859836
ST2,-18.3183,41.8248,660,4.094407514699222,34.6121827471886
ST2,-18.3183,41.8248,670,3.9737312190763046,34.61753261106305
ST2,-18.3183,41.8248,680,4.170991009486689,34.60584109237551
ST2,-18.3183,41.8248,690,4.028155803999256,34.631067182579656
ST2,-18.3183,41.8248,700,4.080801299263227,34.62446741476955
ST2,-18.3183,41.8248,710,4.075374555140703,34.62739097471514
ST2,-18.3183,41.8248,720,4.087832828127113,34.64987306972963
ST2,-18.3183,41.8248,730,4.100305732487753,34.6107668726036
ST2,-18.3183,41.8248,740,3.9977178023814157,34.65128714712205
ST2,-18.3183,41.8248,750,4.029169267495787,34.66014847596593
ST2,-18.3183,41.8248,760,3.9096106558005284,34.64506838171239
ST2,-18.3183,41.8248,770,3.897642377651467,34.639663087614494
ST2,-18.3183,41.8248,780,4.033663714138502,34.61633292989446
ST2,-18.3183,41.8248,790,3.9802659403782337,34.63113805150398
ST2,-18.3183,41.8248,800,4.030156547494972,34.650013740485015
ST2,-18.3183,41.8248,810,4.196343905052949,34.6301214648973
ST2,-18.3183,41.8248,820,3.9128284902892623,34.64522381319258
ST2,-18.3183,41.8248,830,3.9525253544909726,34.66828547820062
ST2,-18.3183,41.8248,840,4.011733777615999,34.67904304121472
ST2,-18.3183,41.8248,850,3.7590498815898825,34.69772750209343
ST2,-18.3183,41.8248,860,3.7105766719757804,34.68013636549485
ST2,-18.3183,41.8248,870,4.052647791520173,34.657021740739836
ST2,-18.3183,41.8248,880,3.942611787451642,34.688746704026336
ST2,-18.3183,41.8248,890,4.087678330137593,34.68902859995643
ST2,-18.3183,41.8248,900,4.122303668059797,34.64662269785135
ST2,-18.3183,41.8248,910,4.031234167489434,34.665320935851916
ST2,-18.3183,41.8248,920,4.223015372700125,34.64714492737757
ST2,-18.3183,41.8248,930,3.997482503281566,34.71557144058513
ST2,-18.3183,41.8248,940,3.945413402420734,34.68376856307873
ST2,-18.3183,41.8248,950,3.9463355150448347,34.689732568983224
ST2,-18.3183,41.8248,960,4.167374777013967,34.70437595640902
ST2,-18.3183,41.8248,970,4.119244186263245,34.68451136281138
ST2,-18.3183,41.8248,980,4.024870684471421,34.68936185786297
ST2,-18.3183,41.8248,990,4.008977345268147,34.669680777768555
ST2,-18.3183,41.8248,1000,3.933361379251129,34.69949109967807
ST2,-18.3183,41.8248,1010,4.2626584940738885,34.69580837395858
ST2,-18.3183,41.8248,1020,3.960514495078267,34.71110559877075
ST2,-18.3183,41.8248,1030,4.054703137290641,34.70666813081345
ST2,-18.3183,41.8248,1040,3.930232247444087,34.706454980468834
ST3,-19.0772,41.9837,0,27.93158180832336,35.13024155411257
ST3,-19.0772,41.9837,10,25.958235820005637,35.13408258844775
ST3,-19.0772,41.9837,20,24.328668799105557,35.17400170919094
ST3,-19.0772,41.9837,30,22.73890649909885,35.19157585428493
ST3,-19.0772,41.9837,40,21.28471290317609,35.23733647332873
ST3,-19.0772,41.9837,50,19.69185482323635,35.248047915292354
ST3,-19.0772,41.9837,60,18.32315034892264,35.24683862382057
ST3,-19.0772,41.9837,70,17.119663682803957,35.319606245239626
ST3,-19.0772,41.9837,80,16.16392039581455,35.343510402525524
ST3,-19.0772,41.9837,90,15.05838494499706,35.36217456343237
ST3,-19.0772,41.9837,100,14.337624096832334,35.36303367377781
ST3,-19.0772,41.9837,110,13.396523188567569,35.44156038826549
ST3,-19.0772,41.9837,120,12.607394161325042,35.41309115709865
ST3,-19.0772,41.9837,130,11.811142677324423,35.48930932975304
ST3,-19.0772,41.9837,140,10.978656373142758,35.505013699286756
ST3,-19.0772,41.9837,150,10.34339220413964,35.529672948045416
ST3,-19.0772,41.9837,160,9.891746067337156,35.52479824308383
ST3,-19.0772,41.9837,170,9.212978831951098,35.47679055792253
ST3,-19.0772,41.9837,180,8.780825855941908,35.44987232424796
ST3,-19.0772,41.9837,190,8.323143006736744,35.42536303953798
ST3,-19.0772,41.9837,200,7.875442840552022,35.462781028393465
ST3,-19.0772,41.9837,210,7.629148192438742,35.398684946668375
ST3,-19.0772,41.9837,220,7.094150688045968,35.39479865123355
ST3,-19.0772,41.9837,230,6.62749750140212,35.37411192065299
ST3,-19.0772,41.9837,240,6.641332283620836,35.34156301940938
ST3,-19.0772,41.9837,250,6.235813239099623,35.322008540838254
ST3,-19.0772,41.9837,260,6.24663108523445,35.309871294036554
ST3,-19.0772,41.9837,270,6.049424460775931,35.30844186628822
ST3,-19.0772,41.9837,280,5.910010663549987,35.274120256886896
ST3,-19.0772,41.9837,290,5.8319513925067925,35.26917950002639
ST3,-19.0772,41.9837,300,5.726100381693571,35.254672524630486
ST3,-19.0772,41.9837,310,5.531628328538729,35.203209939199645
ST3,-19.0772,41.9837,320,5.421428566532247,35.15388253101503
ST3,-19.0772,41.9837,330,5.53734189954005,35.14638171161786
ST3,-19.0772,41.9837,340,5.313707664848007,35.13801215337928
ST3,-19.0772,41.9837,350,5.170560165643628,35.08622533779598
ST3,-19.0772,41.9837,360,5.1225924853147715,35.11703198915703
ST3,-19.0772,41.9837,370,5.014087446406567,35.038602634065214
ST3,-19.0772,41.9837,380,4.955399280359601,35.06333708955755
ST3,-19.0772,41.9837,390,4.994024804974855,35.073490518153534
ST3,-19.0772,41.9837,400,4.83304652502052,35.04354625454598
ST3,-19.0772,41.9837,410,4.746829523778037,34.98688213030962
ST3,-19.0772,41.9837,420,4.801295006630692,34.957045699443306
ST3,-19.0772,41.9837,430,4.5751192322367285,34.98230624550293
ST3,-19.0772,41.9837,440,4.474941187798492,34.95845077654176
ST3,-19.0772,41.9837,450,4.644768914483342,34.92312794562277
ST3,-19.0772,41.9837,460,4.588073805149768,34.88702934852235
ST3,-19.0772,41.9837,470,4.386239113049132,34.902728662542174
ST3,-19.0772,41.9837,480,4.354537497572126,34.86015645985809
ST3,-19.0772,41.9837,490,4.453696798780093,34.83248372419727
ST3,-19.0772,41.9837,500,4.233864805513246,34.809747119437176
ST3,-19.0772,41.9837,510,4.247304471272359,34.790701224333695
ST3,-19.0772,41.9837,520,4.16246138196762,34.80109312127283
ST3,-19.0772,41.9837,530,4.135301629636764,34.73617747010091
ST3,-19.0772,41.9837,540,4.041693217158722,34.76184642435264
ST3,-19.0772,41.9837,550,4.007796132400302,34.723895991723175
ST3,-19.0772,41.9837,560,4.130131900158678,34.704159079051124
ST3,-19.0772,41.9837,570,3.941982470861832,34.624738351272164
ST3,-19.0772,41.9837,580,4.038562271428276,34.63810013773201
ST3,-19.0772,41.9837,590,4.139772033821586,34.67030110104594
ST3,-19.0772,41.9837,600,4.290654969623247,34.60587828429215
ST3,-19.0772,41.9837,610,3.95388634522569,34.6281923958141
ST3,-19.0772,41.9837,620,4.174177918917208,34.63549890336484
ST3,-19.0772,41.9837,630,3.990213852878893,34.6218408388615
ST3,-19.0772,41.9837,640,4.144107225822546,34.58681315855076
ST3,-19.0772,41.9837,650,4.071475336422509,34.618527355487636
ST3,-19.0772,41.9837,660,3.9978925333716915,34.59711036084704
ST3,-19.0772,41.9837,670,4.147940975668389,34.608981645047464
ST3,-19.0772,41.9837,680,4.124646521572829,34.62262765967158
ST3,-19.0772,41.9837,690,4.211602749889249,34.61544753984114
ST3,-19.0772,41.9837,700,4.139306767570721,34.63204930411782
ST3,-19.0772,41.9837,710,4.008945090865797,34.66165954833087
ST3,-19.0772,41.9837,720,4.089914183892495,34.64930141687432
ST3,-19.0772,41.9837,730,4.080876832699091,34.626588235899845
ST3,-19.0772,41.9837,740,3.9891672565941563,34.64436923046015
ST3,-19.0772,41.9837,750,3.993328117597088,34.618564003532214
ST3,-19.0772,41.9837,760,3.9362830064531904,34.66067423589204
ST3,-19.0772,41.9837,770,4.0481625181364596,34.60694010158844
ST3,-19.0772,41.9837,780,3.821364417490583,34.65406849940746
ST3,-19.0772,41.9837,790,4.051193512662562,34.64880949288243
ST3,-19.0772,41.9837,800,4.044108947339291,34.65025222747295
ST3,-19.0772,41.9837,810,4.207514253249864,34.66211516741973
ST3,-19.0772,41.9837,820,3.925232410563453,34.685182648950075
ST3,-19.0772,41.9837,830,4.069364887372552,34.64527324628577
ST3,-19.0772,41.9837,840,3.793639163113393,34.66889776837939
ST3,-19.0772,41.9837,850,4.121807749307164,34.65086512891917
ST3,-19.0772,41.9837,860,4.115079542824673,34.65280941522769
ST3,-19.0772,41.9837,870,3.855639257011632,34.68834887671247
ST3,-19.0772,41.9837,880,4.0772352716100455,34.675977019435166
ST3,-19.0772,41.9837,890,3.9615883637135587,34.6952663084097
ST3,-19.0772,41.9837,900,3.9386939340611944,34.684089247376654
ST3,-19.0772,41.9837,910,4.095881592967413,34.68361141912204
ST3,-19.0772,41.9837,920,4.2317115853838585,34.65078947890555
ST3,-19.0772,41.9837,930,4.11308820883175,34.67532624153492
ST3,-19.0772,41.9837,940,4.075276218496906,34.68970248550585
ST3,-19.0772,41.9837,950,3.8300940648501918,34.655677842018015
ST3,-19.0772,41.9837,960,4.087471630262843,34.67470383156172
ST3,-19.0772,41.9837,970,4.015824085203447,34.69913111525707
ST3,-19.0772,41.9837,980,3.910423407790919,34.71600679908315
ST3,-19.0772,41.9837,990,4.017982577978656,34.73109193652634
ST3,-19.0772,41.9837,1000,4.083121650516192,34.76072089024539
ST3,-19.0772,41.9837,1010,4.071883354593447,34.67931435643759
ST3,-19.0772,41.9837,1020,4.090383835621488,34.709114981936274
ST3,-19.0772,41.9837,1030,4.104005098988545,34.73585692049085
ST3,-19.0772,41.9837,1040,3.971062247820985,34.72158427651788
ST4,-19.2527,40.507,0,27.955028909559907,35.086586437649075
ST4,-19.2527,40.507,10,26.046125878585407,35.113719523527315
ST4,-19.2527,40.507,20,24.2803918462157,35.14458823694998
ST4,-19.2527,40.507,30,22.62201206098987,35.182363969929256
ST4,-19.2527,40.507,40,21.189287262861395,35.215630950594004
ST4,-19.2527,40.507,50,19.752468484720907,35.24086638081389
ST4,-19.2527,40.507,60,18.430076810221674,35.24774291089803
ST4,-19.2527,40.507,70,17.190358228631382,35.29340031614557
ST4,-19.2527,40.507,80,16.114643590648818,35.326578537539675
ST4,-19.2527,40.507,90,14.891778822878608,35.348289013166614
ST4,-19.2527,40.507,100,14.416996176451779,35.3945555540136
ST4,-19.2527,40.507,110,13.409881290206291,35.42977062975402
ST4,-19.2527,40.507,120,12.72624571071851,35.45031361702554
ST4,-19.2527,40.507,130,11.72267024984238,35.48368193469593
ST4,-19.2527,40.507,140,11.219439738687091,35.48498640530106
ST4,-19.2527,40.507,150,10.290003964121437,35.5221656815868
ST4,-19.2527,40.507,160,9.776737092254782,35.495719388198104
ST4,-19.2527,40.507,170,9.181954443583104,35.50349072278282
ST4,-19.2527,40.507,180,8.837474462638705,35.466202927478996
ST4,-19.2527,40.507,190,8.208181286510264,35.44987133990215
ST4,-19.2527,40.507,200,7.981070575139936,35.416821411316946
ST4,-19.2527,40.507,210,7.6723257288465545,35.35083116911752
ST4,-19.2527,40.507,220,7.086153197433586,35.43150524198182
ST4,-19.2527,40.507,230,7.143449378739804,35.34899070499144
ST4,-19.2527,40.507,240,6.5646102061315705,35.34853238331644
ST4,-19.2527,40.507,250,6.315723558450332,35.308297084620314
ST4,-19.2527,40.507,260,6.123970374098654,35.31530535701781
ST4,-19.2527,40.507,270,6.061834635169299,35.33938025576273
ST4,-19.2527,40.507,280,5.931483574267767,35.27415451899211
ST4,-19.2527,40.507,290,5.599929099757307,35.23640174443844
ST4,-19.2527,40.507,300,5.634171232350516,35.23002240775054
ST4,-19.2527,40.507,310,5.31351393436723,35.225185237030665
ST4,-19.2527,40.507,320,5.552713545670089,35.172271040936046
ST4,-19.2527,40.507,330,5.352135874520621,35.187713801115805
ST4,-19.2527,40.507,340,5.272809487735281,35.14122574211765
ST4,-19.2527,40.507,350,5.282352449885971,35.12217693853368
ST4,-19.2527,40.507,360,5.260295644533581,35.09515726125174
ST4,-19.2527,40.507,370,5.201056652432126,35.06737396073418
ST4,-19.2527,40.507,380,4.961026795016589,35.08147353152746
ST4,-19.2527,40.507,390,4.952218994714496,35.028582378557054
ST4,-19.2527,40.507,400,4.849470852685459,34.98744266449523
ST4,-19.2527,40.507,410,4.714141588998497,34.98923091812851
ST4,-19.2527,40.507,420,4.686535105063606,34.97821763777178
ST4,-19.2527,40.507,430,4.562184638108442,34.94676963122478
ST4,-19.2527,40.507,440,4.576388235785429,34.96262634133592
ST4,-19.2527,40.507,450,4.576353578138361,34.877438641928364
ST4,-19.2527,40.507,460,4.510253582246738,34.901945100236915
ST4,-19.2527,40.507,470,4.144263903598127,34.854271727980546
ST4,-19.2527,40.507,480,4.374463893911225,34.8030846670123
ST4,-19.2527,40.507,490,4.310677846008324,34.828174580290835
ST4,-19.2527,40.507,500,4.247060775971172,34.77336352546131
ST4,-19.2527,40.507,510,4.1882820402330205,34.7855386539248
ST4,-19.2527,40.507,520,4.096893218210195,34.75681590279588
ST4,-19.2527,40.507,530,4.408148517048348,34.739719017931876
ST4,-19.2527,40.507,540,4.04499586933284,34.67239533672241
ST4,-19.2527,40.507,550,4.075193777475722,34.69275912694651
ST4,-19.2527,40.507,560,4.209116677886118,34.67187771547118
ST4,-19.2527,40.507,570,4.302214062631056,34.66091689347682
ST4,-19.2527,40.507,580,4.347651443467913,34.649476603183
ST4,-19.2527,40.507,590,3.995350064540559,34.65434518928646
ST4,-19.2527,40.507,600,3.98642538305902,34.599761516287806
ST4,-19.2527,40.507,610,4.198231881646764,34.60660054904846
ST4,-19.2527,40.507,620,4.0811814724358735,34.624265925623185
ST4,-19.2527,40.507,630,3.9589127431751483,34.59733148051826
ST4,-19.2527,40.507,640,4.235903372022513,34.61470928106684
ST4,-19.2527,40.507,650,4.053478201210818,34.60842078834045
ST4,-19.2527,40.507,660,4.224989096026702,34.6283439054135
ST4,-19.2527,40.507,670,4.135171852971098,34.61874722245155
ST4,-19.2527,40.507,680,4.004494188781572,34.60230243480049
ST4,-19.2527,40.507,690,4.295132109607254,34.61020831733575
ST4,-19.2527,40.507,700,4.157397502137114,34.6327007995117
ST4,-19.2527,40.507,710,4.0080230385686475,34.60276783154194
ST4,-19.2527,40.507,720,4.078090279141734,34.620788207463924
ST4,-19.2527,40.507,730,4.252161436181968,34.63984756178821
ST4,-19.2527,40.507,740,4.078464011557521,34.617554615278245
ST4,-19.2527,40.507,750,4.049731290151543,34.614822814446555
ST4,-19.2527,40.507,760,4.133819096305557,34.64855681170564
ST4,-19.2527,40.507,770,4.177336755084301,34.66539393664894
ST4,-19.2527,40.507,780,3.9042308839962745,34.61903607940632
ST4,-19.2527,40.507,790,3.952074830812217,34.6327072933594
ST4,-19.2527,40.507,800,3.7414884576776126,34.67096726789243
ST4,-19.2527,40.507,810,4.050417842146056,34.650595747416766
ST4,-19.2527,40.507,820,3.872696989771433,34.63370058684039
ST4,-19.2527,40.507,830,3.937211955020641,34.65701078378913
ST4,-19.2527,40.507,840,3.923358415959024,34.68266380265673
ST4,-19.2527,40.507,850,4.037696982258081,34.66598388499166
ST4,-19.2527,40.507,860,3.863154329215417,34.673531612289935
ST4,-19.2527,40.507,870,3.821318045317121,34.6618938994678
ST4,-19.2527,40.507,880,3.944265786909896,34.64871034887834
ST4,-19.2527,40.507,890,3.859770786820093,34.62440213488064
ST4,-19.2527,40.507,900,3.774044668443911,34.642102522258405
ST4,-19.2527,40.507,910,3.9766892710917916,34.64337173402487
ST4,-19.2527,40.507,920,4.052176938515187,34.67345318806989
ST4,-19.2527,40.507,930,3.952471104152894,34.682419582403426
ST4,-19.2527,40.507,940,3.9693958157416596,34.657660512625654
ST4,-19.2527,40.507,950,3.9314518868426935,34.693999492033626
ST4,-19.2527,40.507,960,4.063919118875167,34.67046699976251
ST4,-19.2527,40.507,970,3.9989869888690173,34.713656635413
ST4,-19.2527,40.507,980,3.7794764490374395,34.67517995734171
ST4,-19.2527,40.507,990,3.942520759910249,34.67228174915991
ST4,-19.2527,40.507,1000,3.9291107877584843,34.72115776034644
ST4,-19.2527,40.507,1010,3.9885939946247135,34.69895420192658
ST4,-19.2527,40.507,1020,4.173693476366234,34.703938361912826
ST4,-19.2527,40.507,1030,3.922968841674835,34.700712592039515
ST4,-19.2527,40.507,1040,4.076290472613051,34.75079468751709
ST5,-18.2354,40.3282,0,27.924706471945353,35.08808820878166
ST5,-18.2354,40.3282,10,25.91006521990769,35.12639586562929
ST5,-18.2354,40.3282,20,24.266161259401915,35.14185045935028
ST5,-18.2354,40.3282,30,22.586993037976516,35.217511762732
ST5,-18.2354,40.3282,40,21.080506095105452,35.182271680569016
ST5,-18.2354,40.3282,50,19.62932485040455,35.231305858200365
ST5,-18.2354,40.3282,60,18.387996246772516,35.252215387891226
ST5,-18.2354,40.3282,70,17.19741677350153,35.33899423710904
ST5,-18.2354,40.3282,80,15.976366089706875,35.310030883838465
ST5,-18.2354,40.3282,90,15.096875753499889,35.37719176069323
ST5,-18.2354,40.3282,100,14.216300153884054,35.379947280121165
ST5,-18.2354,40.3282,110,13.386954747907236,35.42584841125811
ST5,-18.2354,40.3282,120,12.437938187094824,35.43887073333121
ST5,-18.2354,40.3282,130,11.741730833814376,35.42643525936363
ST5,-18.2354,40.3282,140,11.078562031024749,35.51276148589685
ST5,-18.2354,40.3282,150,10.325084051699713,35.49969404622102
ST5,-18.2354,40.3282,160,9.83845994838556,35.51638881296437
ST5,-18.2354,40.3282,170,9.289808863613146,35.49565367767648
ST5,-18.2354,40.3282,180,8.712688249687663,35.46605981873966
ST5,-18.2354,40.3282,190,8.150903430197388,35.443923337673034
ST5,-18.2354,40.3282,200,7.698185268891107,35.43744378692453
ST5,-18.2354,40.3282,210,7.428763563090541,35.43782155046952
ST5,-18.2354,40.3282,220,7.190880353538875,35.380534934824446
ST5,-18.2354,40.3282,230,6.917275516493117,35.36623887726279
ST5,-18.2354,40.3282,240,6.749178280523216,35.32486904445092
ST5,-18.2354,40.3282,250,6.427735933655758,35.31935029777693
ST5,-18.2354,40.3282,260,6.198587642919494,35.31639010390384
ST5,-18.2354,40.3282,270,6.0039374584865985,35.2912287832489
ST5,-18.2354,40.3282,280,6.117381198685544,35.32167385152867
ST5,-18.2354,40.3282,290,5.949649358420184,35.252717841160305
ST5,-18.2354,40.3282,300,5.586154976080318,35.21175063890707
ST5,-18.2354,40.3282,310,5.587998913924162,35.21973190556572
ST5,-18.2354,40.3282,320,5.730407099901376,35.15860976531396
ST5,-18.2354,40.3282,330,5.3857470078067315,35.14761890557103
ST5,-18.2354,40.3282,340,5.204099343904016,35.158363561970994
ST5,-18.2354,40.3282,350,5.2191707942633565,35.151187831608205
ST5,-18.2354,40.3282,360,5.231271116960531,35.094896731143535
ST5,-18.2354,40.3282,370,4.8750482832327435,35.0750003588778
ST5,-18.2354,40.3282,380,4.8430313233717035,35.06380574540219
ST5,-18.2354,40.3282,390,4.8077906735792055,35.07317542150294
ST5,-18.2354,40.3282,400,4.766870963476991,34.979156623302345
ST5,-18.2354,40.3282,410,4.59970846866804,34.98392507429114
ST5,-18.2354,40.3282,420,4.795645976082537,35.022362496095546
ST5,-18.2354,40.3282,430,4.520586243947896,34.95544509683362
ST5,-18.2354,40.3282,440,4.66473659943461,34.965490221451155
ST5,-18.2354,40.3282,450,4.426495989143773,34.90596923886759
ST5,-18.2354,40.3282,460,4.397504397502204,34.89689586428094
ST5,-18.2354,40.3282,470,4.3535636957637855,34.846245058395574
ST5,-18.2354,40.3282,480,4.288240404629164,34.83962777429325
ST5,-18.2354,40.3282,490,4.241836524582685,34.797443914169996
ST5,-18.2354,40.3282,500,4.31778398238029,34.81308322621291
ST5,-18.2354,40.3282,510,4.130541492485001,34.79966854863173
ST5,-18.2354,40.3282,520,4.229677112995107,34.73947243791499
ST5,-18.2354,40.3282,530,4.143638179857115,34.806645281518556
ST5,-18.2354,40.3282,540,4.00445345127919,34.72093229890618
ST5,-18.2354,40.3282,550,4.039855583452045,34.707135944337466
ST5,-18.2354,40.3282,560,4.159679219266004,34.71476030871298
ST5,-18.2354,40.3282,570,4.131368508125478,34.62401960078752
ST5,-18.2354,40.3282,580,3.8789621556533564,34.66388823945664
ST5,-18.2354,40.3282,590,4.057650992528232,34.618573571638095
ST5,-18.2354,40.3282,600,4.097669693258374,34.612313395331086
ST5,-18.2354,40.3282,610,4.012897833903877,34.624138129529435
ST5,-18.2354,40.3282,620,3.884675788001608,34.59709148814392
ST5,-18.2354,40.3282,630,4.05517074569247,34.58175287412242
ST5,-18.2354,40.3282,640,4.265249581589827,34.63515270432851
ST5,-18.2354,40.3282,650,4.058705315517394,34.60099095609157
ST5,-18.2354,40.3282,660,4.281368276367669,34.601820213901604
ST5,-18.2354,40.3282,670,4.175999179967394,34.61013395605133
ST5,-18.2354,40.3282,680,4.090772969344136,34.60888450217057
ST5,-18.2354,40.3282,690,4.277664712324968,34.64090272325089
ST5,-18.2354,40.3282,700,4.176693394836333,34.60366142855688
ST5,-18.2354,40.3282,710,4.121593494797735,34.675223770094
ST5,-18.2354,40.3282,720,4.192023693580734,34.60819336597299
ST5,-18.2354,40.3282,730,4.0003905518808835,34.61649777209313
ST5,-18.2354,40.3282,740,4.033772605196856,34.61605711173437
ST5,-18.2354,40.3282,750,3.994239148737233,34.66289683848436
ST5,-18.2354,40.3282,760,3.9754147487804716,34.660834537763684
ST5,-18.2354,40.3282,770,3.981903002775246,34.6680965087763
ST5,-18.2354,40.3282,780,3.9465154779832874,34.61244426387934
ST5,-18.2354,40.3282,790,3.946183353117889,34.629017599674654
ST5,-18.2354,40.3282,800,3.9341408914614893,34.6608775924163
ST5,-18.2354,40.3282,810,4.258831946000255,34.650706534950324
ST5,-18.2354,40.3282,820,4.028926517890399,34.620261142383804
ST5,-18.2354,40.3282,830,3.9611881139544107,34.67014396570564
ST5,-18.2354,40.3282,840,3.8226862343053396,34.66475747714904
ST5,-18.2354,40.3282,850,4.016958752729951,34.65047118902463
ST5,-18.2354,40.3282,860,4.066275782403562,34.66329456027468
ST5,-18.2354,40.3282,870,3.977605457118394,34.70871852274051
ST5,-18.2354,40.3282,880,4.048374500916687,34.65745594966644
ST5,-18.2354,40.3282,890,3.7986525970449563,34.67423796601948
ST5,-18.2354,40.3282,900,4.10379774714538,34.67484071910442
ST5,-18.2354,40.3282,910,3.9998013209173635,34.6743841192576
ST5,-18.2354,40.3282,920,4.017030886703912,34.65960449060821
ST5,-18.2354,40.3282,930,3.953756869189441,34.664296700654184
ST5,-18.2354,40.3282,940,4.239948073500084,34.70695907082489
ST5,-18.2354,40.3282,950,4.065592674852585,34.683491338058104
ST5,-18.2354,40.3282,960,4.0166838798813735,34.69452119202753
ST5,-18.2354,40.3282,970,4.161446559151869,34.71072429492347
ST5,-18.2354,40.3282,980,4.074226912382054,34.680932054294296
ST5,-18.2354,40.3282,990,3.9040525937403365,34.68348581994238
ST5,-18.2354,40.3282,1000,4.142555322811969,34.69141935195056
ST5,-18.2354,40.3282,1010,3.987655770698626,34.68475903541452
ST5,-18.2354,40.3282,1020,3.946448264317339,34.70836867441625
ST5,-18.2354,40.3282,1030,4.1000122533962555,34.70937772822186
ST5,-18.2354,40.3282,1040,3.9246972318042976,34.761399354196165
