parameter,value,description
c,15.165612372183405,Power law intercept
z,0.1977699653657715,Power law exponent (species-area slope)
R² (power law),0.10490036339247222,Coefficient of determination (power law)
RMSE (power law),6.055730680269373,Root mean square error
R² (log-log),0.22305252902175465,Coefficient of determination (log-log)
z_lower_95CI,0.0043246397196310205,Lower 95% CI for z
z_upper_95CI,0.3407269468154528,Upper 95% CI for z
c_lower_95CI,12.856123128088024,Lower 95% CI for c
c_upper_95CI,19.63568852627903,Upper 95% CI for c
