feat_0,feat_1,feat_2,feat_3,feat_4,feat_5,feat_6,feat_7,feat_8,feat_9,feat_10,feat_11,feat_12,feat_13,feat_14,feat_15,feat_16,feat_17,feat_18,feat_19,feat_20,feat_21,feat_22,feat_23,feat_24,feat_25,feat_26,feat_27,feat_28,feat_29,feat_30,feat_31,label
0.1515,2.5957,0.5911,0.8028,0.0491,0.6762,-0.5112,0.8683,-0.3828,-0.0618,0.0531,0.1084,0.7898,1.3356,0.3387,1.339,1.7248,0.2873,0.4365,-0.5829,0.205,-0.6977,-1.8124,-1.2999,-1.1006,0.0395,-0.4127,1.4226,-0.3999,0.2111,0.99,0.4946,3
-0.7643,-0.0225,-0.9449,2.0951,-0.8393,1.49,0.3587,1.5547,-1.1433,0.7886,-0.0992,-0.6606,-0.3387,-0.3556,0.6466,0.4597,-0.4045,-0.1301,-1.4486,-0.4855,-0.6369,-1.0002,1.6885,0.6269,0.2715,-0.833,-0.6184,-0.6676,-0.9164,0.5304,0.2779,0.8378,1
0.8781,0.126,0.7005,-0.1399,-1.1431,1.6907,1.7318,0.4724,0.2481,-0.5611,0.1229,-0.193,0.7465,-0.5948,1.5631,0.1773,1.6351,-0.0501,-0.0232,0.7071,0.208,-1.6837,-0.3628,0.0502,0.5025,-0.7852,-0.9848,-0.9898,0.542,-1.0094,1.9633,-0.5803,1
0.2675,1.9096,0.5293,0.1432,0.36,0.7772,0.6961,-0.8524,0.5132,-1.7198,-0.6239,-0.7761,1.0753,-0.9865,0.4604,-1.0894,-0.4545,0.0826,0.0549,-0.6075,0.4632,-2.0048,-1.8072,0.7348,0.7589,1.5082,0.0922,-0.25,1.4114,-1.3007,-0.8721,-0.6681,3
-0.8712,0.0688,-0.2052,0.5992,-1.188,0.6247,0.0971,0.9367,0.3842,-2.3596,-0.5548,-0.1204,0.289,-0.7527,0.6991,1.3949,-0.6406,-0.1647,-0.5409,0.1695,0.8226,0.9291,-0.1933,0.4617,0.1041,-0.5841,0.5134,0.9515,0.7749,-0.041,2.5911,-0.798,3
-1.1392,0.6367,-0.2152,-0.3937,-0.7258,0.9381,-0.8068,0.1838,-0.5254,0.236,-2.0607,1.1056,-1.1497,1.1652,-0.5295,-0.6687,0.2951,-0.83,-0.4571,0.797,-1.4152,0.3416,-0.8618,-0.3228,-0.001,-0.5333,-1.0048,0.746,0.0057,0.6724,-0.7976,1.3631,1
0.739,0.2838,-1.2065,-0.9494,0.0483,-0.2354,-0.3035,1.4159,1.2946,-0.4218,-1.5412,0.3503,0.031,1.2327,0.489,0.4623,0.0179,1.3611,0.5043,-0.6477,-0.2758,-0.3023,2.0134,-1.0164,0.2988,-0.6033,1.7618,-0.3576,0.7397,-0.7086,-0.5859,0.3221,2
-0.3793,-0.5618,-2.9256,0.3846,-1.0197,-0.0516,0.5968,2.3714,1.7947,0.2885,0.8912,0.0957,1.6771,-1.2673,0.2169,-0.4144,1.1547,0.4333,-0.3917,-0.1076,-0.4409,-0.9522,0.8953,-0.3107,0.4835,-0.3532,-0.9344,0.7271,-1.4743,1.1954,0.2158,0.7685,3
-1.0435,-0.7406,0.124,-0.1822,-0.5727,1.1049,1.2705,0.1957,-0.0634,1.695,0.252,-0.9097,-0.3101,1.5192,-0.7743,-2.6279,-0.8526,0.1331,-1.0227,0.9033,-0.5429,-0.6913,-0.8175,-0.2087,-0.6231,-0.397,0.3315,-0.0161,0.8818,1.5267,-1.2514,-1.1316,3
0.7786,-0.3431,1.4338,-2.1089,1.2245,1.1267,0.869,-0.139,-0.6383,-1.1208,-0.2484,-0.881,1.2504,-0.5389,1.7242,-0.2214,-0.4709,0.9172,0.9749,-2.0406,-0.9194,-0.9195,-1.2761,0.2314,1.34,-1.2623,1.1594,1.4528,-1.7136,-0.7717,-0.0097,0.4013,3
0.1076,-0.4366,0.1254,-0.8181,1.0139,-0.4182,-0.5254,1.1967,0.4387,0.4678,1.9261,-0.0675,0.1774,0.4243,1.0474,1.9702,-0.2921,1.0672,-0.4894,0.7488,-0.8268,-0.0897,-0.423,0.1578,1.6611,1.1934,0.5978,1.0475,0.7786,0.0171,1.4139,-0.0763,3
-0.3484,-1.5338,0.492,-1.1265,-0.0822,-1.0336,-0.9687,0.2226,-0.9343,2.279,1.3296,0.5488,-0.6459,1.7368,-0.7129,-0.6993,0.4492,-1.2279,-1.8789,-1.0827,0.6197,1.0589,-0.3543,-0.1474,-0.0935,-0.8635,-1.6003,0.9493,-0.4956,0.6192,-1.8271,0.1273,1
-1.2721,0.5992,-1.2906,-0.6167,-0.2434,-1.8377,1.6848,-0.2387,-0.296,-0.1243,0.4244,-1.0383,0.1692,-0.3677,-0.5656,-0.473,0.3528,-0.1804,-0.4548,-0.4241,-0.411,0.4411,-0.3952,1.2625,-0.7544,-0.7441,-1.3786,0.8944,0.1287,0.2232,0.7387,-1.0208,0
0.1941,-0.1227,-0.2831,-1.8756,0.5704,0.0039,-0.6476,-0.8746,0.8918,-1.4692,0.2608,1.7387,-0.0802,0.7803,1.63,-1.1085,-0.4511,-1.3378,0.0196,0.2952,-0.4719,0.5595,0.1086,-1.257,-0.8294,-1.5088,-0.9061,0.6407,0.0669,-1.9523,-0.4002,0.3734,2
-0.9561,-0.1311,-0.1782,-0.3476,-0.981,0.2383,0.5745,0.088,0.3633,-0.127,1.4489,0.405,-0.5438,0.0306,0.0281,0.3154,-1.0107,1.0823,-0.5729,0.3002,-0.6084,-0.1435,-1.9968,-0.686,-0.0693,-0.5129,-1.3516,-0.9822,0.8002,0.5981,-0.7458,-1.0201,0
0.4862,0.9915,1.4785,1.332,-0.6895,-0.2287,-0.8449,-0.3488,2.502,-2.5884,-0.0827,-0.5976,-1.5809,0.44,1.0082,-0.3186,-0.0691,-2.0174,1.1722,2.3874,1.3772,-1.5072,0.1496,0.4658,0.3029,1.0755,-0.1247,0.3258,-0.2579,-0.3744,-0.4353,0.5691,0
0.3701,0.4187,0.2021,1.7543,-0.3839,0.2228,-0.4616,-0.16,-0.5622,-1.1402,-1.9642,-0.8782,1.4903,0.8569,0.3284,-0.4103,-0.0611,-0.5061,-0.1263,-0.2532,-0.0086,0.5222,-0.7689,-0.6952,0.8874,1.6936,1.4112,-1.0015,-0.0212,-0.1608,-0.1421,-1.169,2
2.0902,0.9991,0.1113,1.0739,-0.6003,-0.3736,1.2576,0.7417,-0.3732,-0.2059,0.3111,0.8875,-0.7494,-0.7328,2.0539,1.4648,-1.2461,-1.0514,0.2595,-1.1544,-0.3026,-1.4387,0.1641,-0.0979,-1.182,0.9824,-0.7901,2.067,-0.4076,-0.4086,1.5085,2.1566,3
-0.2801,-0.3414,0.5683,-1.0333,-0.5478,2.0244,0.3868,0.627,-1.0126,0.9935,-0.6689,0.7735,0.6332,2.5291,-0.6136,-1.1381,0.3923,-0.1369,-2.2517,-0.2121,-1.2183,0.8394,1.7363,0.4209,0.0764,0.7884,-1.2578,-0.9963,1.2524,0.4267,0.2167,-1.7622,1
0.0281,-0.4072,-0.2779,-0.0797,0.8097,0.8417,0.8454,-0.5055,-0.3986,-0.3974,0.9924,2.1922,0.8642,0.1113,1.2644,1.2185,-0.1165,0.8244,0.9574,-1.0367,0.5245,-0.402,-1.7361,2.2295,0.2711,-2.0129,-1.2799,-1.7678,0.5226,0.8794,-1.1816,0.3585,2
0.7748,1.0518,-0.7457,-0.1378,-1.1686,0.9041,1.1168,-0.1153,0.8246,0.2475,1.8327,-0.0296,1.2287,-0.5414,-0.7378,-0.5737,-1.6669,0.9924,-0.4924,2.0132,0.3426,1.3551,-0.8025,-0.4954,-0.7521,-1.0487,1.7202,-0.7101,0.3442,-0.4154,1.8054,-0.6519,3
2.0759,0.5378,1.2724,-0.6658,0.4751,0.1635,0.2657,-1.1033,0.0173,-0.4728,1.4692,1.1541,-1.3122,-0.0205,-1.7106,-1.3565,-0.5003,-1.2236,0.7718,1.0648,-0.0628,0.0543,0.6159,-0.7833,-0.8185,0.7031,0.2645,-1.1215,-2.3611,-0.7778,-1.0145,1.3019,3
0.4418,0.5313,0.5457,-1.8889,1.2919,-0.6974,0.0338,0.4061,1.4578,-1.3956,-0.2956,-0.0557,0.0217,-0.2788,-1.6376,1.366,0.382,-0.0453,0.3689,0.236,-1.1817,0.1813,0.6064,1.2434,0.2995,1.1779,0.3117,0.0988,-0.3297,0.7146,-0.1049,0.2176,3
0.6996,0.9654,0.5551,1.5276,-0.1575,-0.6609,2.4552,-0.9036,-1.0622,0.5422,-0.511,-0.2514,-0.7972,0.7069,-1.0458,-1.5173,0.3556,-0.7668,-0.3402,0.2618,1.9202,0.9586,0.4877,1.5447,0.327,-0.4313,0.5393,-1.1055,-1.3534,-0.9442,-1.0289,1.259,3
-0.3081,-0.6169,1.0025,0.0607,-1.454,0.6422,-1.0252,-0.2951,-0.7753,-0.5587,-1.4342,0.7849,-0.788,1.2464,0.9671,-0.789,1.6421,0.6836,0.04,1.2373,0.1079,-0.7724,-1.3416,0.1085,-0.3813,1.6674,-0.3353,0.8996,0.7414,-0.2262,-0.6462,-1.716,1
-0.0394,0.2218,-1.7938,2.0122,0.2658,-0.1566,-0.8625,0.7489,-0.4364,-0.4092,-0.3674,-0.3159,-0.9155,-0.037,0.5788,0.8075,0.8431,0.0603,-1.6014,0.3588,-0.6768,-0.2369,-0.3716,0.6084,1.2391,1.1582,-0.4845,-0.4948,-0.6663,1.5543,-1.2163,0.0769,0
0.731,-0.1176,-1.4814,-2.2653,1.1722,-1.1203,-0.466,0.1154,0.1395,-2.2104,0.2185,0.2205,-1.0494,-0.3462,-1.2079,-0.3164,-0.4729,0.4906,-0.6868,-0.7725,0.331,-0.7186,1.2181,1.8526,-1.1493,-0.6916,1.6112,1.9983,1.358,0.6664,1.8436,0.2717,0
-1.0332,1.3461,0.5509,-0.5657,0.2978,0.5597,0.3498,0.2279,1.0473,-1.111,0.0027,-0.0072,-0.9165,0.1961,-0.188,0.6967,-0.2532,0.1038,0.2529,0.0654,1.188,-1.3479,-0.8076,2.2537,-1.2277,-0.5765,0.3341,1.1613,-1.6054,-0.5175,1.8138,-1.1278,0
0.7446,0.5404,0.0768,0.5583,2.1625,0.664,-2.2718,-0.2109,-1.4761,1.0873,-1.1082,0.3509,-0.098,-1.2035,-0.66,0.6758,0.1064,1.7744,1.9312,-0.7476,-1.9372,-0.0069,1.1372,0.6544,-0.0003,0.2413,-0.5655,-1.5823,-0.5168,0.0845,-0.7232,-1.3379,0
2.1642,0.0177,0.2075,-0.3895,-0.2265,0.5127,1.5731,1.2065,1.8431,-2.1248,-1.4642,1.4552,1.2521,0.7849,0.3077,-2.8258,-1.5076,1.2003,1.7838,0.3423,0.2535,-0.7005,1.11,1.1591,-0.8713,1.275,-1.0312,0.9844,0.0963,-1.4865,0.7319,-0.1571,2
